cid,score_norm,interaction_score,drug_name,gene_name
864,0.07157427869389359,0.4375639269641208,"LIPOIC ACID, ALPHA",SAE1
864,0.36172358640383906,5.250767123569449,THIOCTIC ACID,SLC2A1
864,0.07157427869389359,0.4375639269641208,"LIPOIC ACID, ALPHA",UBA2
1401,0.04324091263563252,0.2453629496995069,PD173074,FGFR1
1401,0.09400606763768816,0.6105543166941221,PD173074,FGFR2
1401,0.05850057101711594,0.3454452054979901,PD173074,FGFR3
2375,0.0327752575291618,0.1810609352954983,BICALUTAMIDE,BEVI
2375,0.1654369206621661,1.312691780892362,BICALUTAMIDE,CDH1
2375,0.09954065134793742,0.6563458904461813,BICALUTAMIDE,CFLAR
2375,0.10468811140373023,0.7001022831425934,BICALUTAMIDE,FST
2375,0.03176386431008339,0.1750255707856483,BICALUTAMIDE,KLK3
2375,0.25418375360526474,2.625383561784725,BICALUTAMIDE,KMT2D
2907,0.03811548257654748,0.2134458180312784,CYCLOPHOSPHAMIDE ANHYDROUS,CBR1
2907,0.07010323900686488,0.4268916360625569,CYCLOPHOSPHAMIDE ANHYDROUS,CCNK
2907,0.041247339536938675,0.2328499833068492,CYCLOPHOSPHAMIDE ANHYDROUS,CYP2A6
2907,0.09762338739021746,0.6403374540938354,CYCLOPHOSPHAMIDE ANHYDROUS,CYP4X1
2907,0.04494113992957165,0.2561349816375341,CYCLOPHOSPHAMIDE ANHYDROUS,EPHA6
2907,0.03811548257654748,0.2134458180312784,CYCLOPHOSPHAMIDE ANHYDROUS,FCGR2A
2907,0.04494113992957165,0.2561349816375341,CYCLOPHOSPHAMIDE ANHYDROUS,FOXO1
2907,0.07010323900686488,0.4268916360625569,CYCLOPHOSPHAMIDE ANHYDROUS,GNL3
2907,0.05475654248401077,0.3201687270469177,CYCLOPHOSPHAMIDE ANHYDROUS,HMMR
2907,0.16268483692737684,1.280674908,CYCLOPHOSPHAMIDE ANHYDROUS,IKZF3
2907,0.07010323900686488,0.4268916360625569,CYCLOPHOSPHAMIDE ANHYDROUS,MISP
2907,0.07010323900686488,0.4268916360625569,CYCLOPHOSPHAMIDE ANHYDROUS,MUTYH
2907,0.04494113992957165,0.2561349816375341,CYCLOPHOSPHAMIDE ANHYDROUS,NCF4
2907,0.07010323900686488,0.4268916360625569,CYCLOPHOSPHAMIDE ANHYDROUS,PERP
2907,0.03811548257654748,0.2134458180312784,CYCLOPHOSPHAMIDE ANHYDROUS,PNPLA3
2907,0.07010323900686488,0.4268916360625569,CYCLOPHOSPHAMIDE ANHYDROUS,PPP2R5D
2907,0.05475654248401077,0.3201687270469177,CYCLOPHOSPHAMIDE ANHYDROUS,RAC2
2907,0.03309135490485597,0.1829535583125243,CYCLOPHOSPHAMIDE ANHYDROUS,RBX1
2907,0.07010323900686488,0.4268916360625569,CYCLOPHOSPHAMIDE ANHYDROUS,SPIDR
2907,0.07010323900686488,0.4268916360625569,CYCLOPHOSPHAMIDE ANHYDROUS,TNFRSF1A
2907,0.07010323900686488,0.4268916360625569,CYCLOPHOSPHAMIDE ANHYDROUS,TP53AIP1
3385,0.05082856006657278,0.2941606231691568,FLUOROURACIL,ABCG1
3385,0.05082856006657278,0.2941606231691568,FLUOROURACIL,CCNK
3385,0.039279277214498066,0.2206204673768676,FLUOROURACIL,CDC25C
3385,0.07207857916457783,0.4412409347537352,FLUOROURACIL,CHN2
3385,0.1248050656471355,0.8824818695074705,FLUOROURACIL,COLEC10
3385,0.03201081621285135,0.1764963739014941,FLUOROURACIL,CSPG4
3385,0.042496680199419636,0.2406768735020374,FLUOROURACIL,CYP2A6
3385,0.07207857916457783,0.4412409347537352,FLUOROURACIL,CYP4X1
3385,0.07207857916457783,0.4412409347537352,FLUOROURACIL,DLG5
3385,0.03201081621285135,0.1764963739014941,FLUOROURACIL,ENOSF1
3385,0.05082856006657278,0.2941606231691568,FLUOROURACIL,EXO1
3385,0.03201081621285135,0.1764963739014941,FLUOROURACIL,FOXO1
3385,0.056359326946452105,0.3309307010653015,FLUOROURACIL,GALNT14
3385,0.05082856006657278,0.2941606231691568,FLUOROURACIL,GNL3
3385,0.039279277214498066,0.2206204673768676,FLUOROURACIL,HMMR
3385,0.039279277214498066,0.2206204673768676,FLUOROURACIL,IGF2BP2
3385,0.07207857916457783,0.4412409347537352,FLUOROURACIL,IGFBP3
3385,0.05082856006657278,0.2941606231691568,FLUOROURACIL,KLC1
3385,0.16637630037248652,1.323722804261206,FLUOROURACIL,LGR5
3385,0.039279277214498066,0.2206204673768676,FLUOROURACIL,MECP2
3385,0.07207857916457783,0.4412409347537352,FLUOROURACIL,MEGF11
3385,0.05082856006657278,0.2941606231691568,FLUOROURACIL,MUTYH
3385,0.1248050656471355,0.8824818695074705,FLUOROURACIL,NLGN1
3385,0.05082856006657278,0.2941606231691568,FLUOROURACIL,NT5C1A
3385,0.1248050656471355,0.8824818695074705,FLUOROURACIL,OR10AE3P
3385,0.07207857916457783,0.4412409347537352,FLUOROURACIL,OSGEP
3385,0.07207857916457783,0.4412409347537352,FLUOROURACIL,PARD3B
3385,0.05082856006657278,0.2941606231691568,FLUOROURACIL,PERP
3385,0.05082856006657278,0.2941606231691568,FLUOROURACIL,PPP2R5D
3385,0.1248050656471355,0.8824818695074705,FLUOROURACIL,PSMB3P1
3385,0.07207857916457783,0.4412409347537352,FLUOROURACIL,REV3L
3385,0.05082856006657278,0.2941606231691568,FLUOROURACIL,RGS5
3385,0.16637630037248652,1.323722804261206,FLUOROURACIL,SLC22A16
3385,0.1248050656471355,0.8824818695074705,FLUOROURACIL,TMEM167A
3385,0.05082856006657278,0.2941606231691568,FLUOROURACIL,TP53AIP1
3385,0.1248050656471355,0.8824818695074705,FLUOROURACIL,TPT1
3385,0.1248050656471355,0.8824818695074705,FLUOROURACIL,TWIST1
3385,0.10019693184761684,0.661861402,FLUOROURACIL,UPB1
3385,0.1248050656471355,0.8824818695074705,FLUOROURACIL,WNT5B
3385,0.039279277214498066,0.2206204673768676,FLUOROURACIL,XRCC3
3899,0.1511729524721197,1.151484018326633,LEFLUNOMIDE,DHODH
3899,0.07157427869389359,0.4375639269641208,LEFLUNOMIDE,MMP1
4212,0.15497810154035677,1.193356164447602,MITOXANTRONE,C10orf67
4212,0.12611526440770662,0.8950171233357017,MITOXANTRONE,GALNT14
4212,0.0660346894230464,0.3977853881492008,MITOXANTRONE,GBX2
4212,0.09229782041254055,0.5966780822238011,MITOXANTRONE,MECP2
4261,0.046047792636440224,0.2631963470460877,ENTINOSTAT,FBXW7
4261,0.034650903090737525,0.192335792,ENTINOSTAT,GAS2
4261,0.07621621625732947,0.4717670371580817,ENTINOSTAT,HDAC1
4261,0.04831981070586053,0.2778183663264258,ENTINOSTAT,HDAC10
4261,0.05218364904968531,0.303074581,ENTINOSTAT,HDAC11
4261,0.060217107941980645,0.3571950424196904,ENTINOSTAT,HDAC2
4261,0.061480289940692635,0.3659071166250487,ENTINOSTAT,HDAC3
4261,0.047384536031250146,0.2717788366236775,ENTINOSTAT,HDAC4
4261,0.047156365219585564,0.2703097618311171,ENTINOSTAT,HDAC5
4261,0.05030610460027569,0.2907401508067248,ENTINOSTAT,HDAC6
4261,0.047156365219585564,0.2703097618311171,ENTINOSTAT,HDAC7
4261,0.05481499161959206,0.3205596534535683,ENTINOSTAT,HDAC8
4261,0.04831981070586054,0.2778183663264259,ENTINOSTAT,HDAC9
4261,0.04533733356290766,0.2586584789935689,ENTINOSTAT,RB1
5311,0.07696265589583638,0.4773424657790409,VORINOSTAT,CHD4
5311,0.05265955415013774,0.3062196950280639,VORINOSTAT,HDAC1
5311,0.05045427408315103,0.2917092846427472,VORINOSTAT,HDAC10
5311,0.054466165822644116,0.3182283105193606,VORINOSTAT,HDAC11
5311,0.06442297265198409,0.3864200913449379,VORINOSTAT,HDAC2
5311,0.062439488041050296,0.3725599732909588,VORINOSTAT,HDAC3
5311,0.040516484677887474,0.2282942227638891,VORINOSTAT,HDAC4
5311,0.04523762995155002,0.2580229544751573,VORINOSTAT,HDAC5
5311,0.06940275111590925,0.421837528,VORINOSTAT,HDAC6
5311,0.04523762995155002,0.2580229544751573,VORINOSTAT,HDAC7
5311,0.050765792416887945,0.29374921,VORINOSTAT,HDAC8
5311,0.04469702521959375,0.2545826484154885,VORINOSTAT,HDAC9
5311,0.03441916869383191,0.1909369863116163,VORINOSTAT,LRRC32
5311,0.04217728931447126,0.2386712328895204,VORINOSTAT,UGT2B17
5394,0.03898170799963642,0.2187819634820604,TEMOZOLOMIDE,ATRX
5394,0.03623675566527524,0.2019525816757481,TEMOZOLOMIDE,CDKN2A
5394,0.11041112690474805,0.7501095890813501,TEMOZOLOMIDE,H2AX
5394,0.07696265589583638,0.4773424657790409,TEMOZOLOMIDE,MGMT
5394,0.09954065134793742,0.6563458904461813,TEMOZOLOMIDE,MSH6
5394,0.12403234904392293,0.8751278539282418,TEMOZOLOMIDE,SLFN11
6253,0.09857251167472138,0.6482428547616604,CYTARABINE,BRD10
6253,0.06213210489515499,0.3704244884352345,CYTARABINE,CDA
6253,0.09857251167472138,0.6482428547616604,CYTARABINE,MAGEA1
6253,0.09857251167472138,0.6482428547616604,CYTARABINE,MED12L
6253,0.03854372326431764,0.2160809515872201,CYTARABINE,NT5C2
6253,0.09857251167472138,0.6482428547616604,CYTARABINE,NT5C3A
6253,0.05534673258472669,0.3241214273808302,CYTARABINE,SULT2B1
9444,0.12403234904392293,0.8751278539282418,AZACITIDINE,CD247
9444,0.06279798923524697,0.375054795,AZACITIDINE,CDA
9444,0.03243104619576461,0.1790034246671403,AZACITIDINE,DNMT1
9444,0.055949851826947346,0.3281729452230906,AZACITIDINE,GATA2
9444,0.055949851826947346,0.3281729452230906,AZACITIDINE,IL11
9444,0.03385317382182685,0.1875273972703375,AZACITIDINE,PTPN11
9444,0.1654369206621661,1.312691780892362,AZACITIDINE,TAGLN
9444,0.03898170799963642,0.2187819634820604,AZACITIDINE,TET2
9444,0.25418375360526474,2.625383561784725,AZACITIDINE,TRIT1
9444,0.04217728931447126,0.2386712328895204,AZACITIDINE,XRCC1
12035,0.23762372117096617,2.333674277141977,ACETYLCYSTEINE,ACO1
12035,0.06478227079267884,0.3889457128569963,ACETYLCYSTEINE,CXCR2
12035,0.04261402744205936,0.2414145803939977,ACETYLCYSTEINE,E2F1
12035,0.08497551413500748,0.5385402178019949,ACETYLCYSTEINE,EPHX1
12035,0.13677408499224789,1.000146118775133,ACETYLCYSTEINE,H2AX
12035,0.04012155413811198,0.2258394461750301,ACETYLCYSTEINE,LDLR
12035,0.4104581046106802,7.001022831425933,ACETYLCYSTEINE,MT1E
12035,0.0755400747751923,0.4667348554283955,ACETYLCYSTEINE,NR4A1
12035,0.07157427869389359,0.4375639269641208,ACETYLCYSTEINE,SFTPA1
12035,0.06185105922409219,0.3684748858645228,ACETYLCYSTEINE,VWF
13342,0.09488456437412852,0.6177373086552295,VINBLASTINE,ABCB4
13342,0.0643753694461467,0.3860858179095184,VINBLASTINE,CGA
13342,0.03476794482304531,0.1930429089547592,VINBLASTINE,GCF1
13342,0.08190314385241822,0.5147810905460245,VINBLASTINE,PTHLH
13342,0.039279277214498066,0.2206204673768676,VINBLASTINE,TBXA2R
13342,0.09488456437412852,0.6177373086552295,VINBLASTINE,TRH
13342,0.039279277214498066,0.2206204673768676,VINBLASTINE,TUBA3D
24360,0.03825716701037552,0.2143170254518142,CAMPTOTHECIN,COL18A1
24360,0.27361789753371474,3.000438356,CAMPTOTHECIN,HNRNPA1
24360,0.18082851584533255,1.500219178,CAMPTOTHECIN,HUS1
24360,0.03825716701037552,0.2143170254518142,CAMPTOTHECIN,THBS1
24360,0.0957799458514708,0.6250913242344583,CAMPTOTHECIN,TOP1
24360,0.07034415873204455,0.4286340509036285,CAMPTOTHECIN,XRCC5
36314,0.03500441735616204,0.1944728564284981,PACLITAXEL,ACSS2
36314,0.07814035915689153,0.4861821410712453,PACLITAXEL,AFG2A
36314,0.17751036848090793,1.458546423213736,PACLITAXEL,ARHGEF10
36314,0.036930185540575915,0.2061819551139836,NAB-PACLITAXEL,BRAF
36314,0.1293789065147001,0.926605963,NAB-PACLITAXEL,CD274
36314,0.07814035915689153,0.4861821410712453,PACLITAXEL,DSCAM
36314,0.07814035915689153,0.4861821410712453,PACLITAXEL,EIF4E2
36314,0.09065156739691951,0.5834185692854945,PACLITAXEL,EPHA5
36314,0.06478227079267884,0.3889457128569963,PACLITAXEL,EPHA6
36314,0.03500441735616204,0.1944728564284981,PACLITAXEL,ETS2
36314,0.13401280907233146,0.9723642821424908,PACLITAXEL,FGD4
36314,0.03500441735616204,0.1944728564284981,PACLITAXEL,FNTB
36314,0.13401280907233146,0.9723642821424908,PACLITAXEL,FZD3
36314,0.07814035915689153,0.4861821410712453,PACLITAXEL,LIG3
36314,0.07814035915689153,0.4861821410712453,PACLITAXEL,MAD1L1
36314,0.05534673258472669,0.3241214273808302,PACLITAXEL,MISP
36314,0.13401280907233146,0.9723642821424908,PACLITAXEL,NFE2
36314,0.03500441735616204,0.1944728564284981,PACLITAXEL,NRG3
36314,0.07814035915689153,0.4861821410712453,PACLITAXEL,PDCD4
36314,0.522690170003427,13.12691780892362,NAB-PACLITAXEL,SPARC
36314,0.05534673258472669,0.3241214273808302,PACLITAXEL,SPIDR
36314,0.07814035915689153,0.4861821410712453,PACLITAXEL,TIGD1
36314,0.042880448099632165,0.2430910705356226,PACLITAXEL,TLE3
36314,0.07814035915689153,0.4861821410712453,PACLITAXEL,TRIM5
36314,0.04831981070586054,0.2778183663264259,PACLITAXEL,TUBA3D
41867,0.0553467325847267,0.3241214273808303,EPIRUBICIN,CBR3
41867,0.13401280907233146,0.9723642821424908,EPIRUBICIN,CCNK
41867,0.2694615172131084,2.917092846427472,EPIRUBICIN,CHD1
41867,0.09065156739691951,0.5834185692854945,EPIRUBICIN,EPHA6
41867,0.09065156739691951,0.5834185692854945,EPIRUBICIN,FOXO1
41867,0.1080466666900173,0.7292732116068681,EPIRUBICIN,FOXP3
41867,0.06869198371248256,0.4167275494896389,EPIRUBICIN,GCKR
41867,0.13401280907233146,0.9723642821424908,EPIRUBICIN,GNL3
41867,0.1080466666900173,0.7292732116068681,EPIRUBICIN,HMMR
41867,0.1080466666900173,0.7292732116068681,EPIRUBICIN,IGF2BP2
41867,0.06129657858057306,0.364636606,EPIRUBICIN,IRS1
41867,0.07814035915689153,0.4861821410712454,EPIRUBICIN,MDM4
41867,0.13401280907233146,0.9723642821424908,EPIRUBICIN,MISP
41867,0.13401280907233146,0.9723642821424908,EPIRUBICIN,PERP
41867,0.13401280907233146,0.9723642821424908,EPIRUBICIN,PPP2R5D
41867,0.06869198371248256,0.4167275494896389,EPIRUBICIN,RBX1
41867,0.06869198371248256,0.4167275494896389,EPIRUBICIN,SLC28A3
41867,0.13401280907233146,0.9723642821424908,EPIRUBICIN,SPIDR
41867,0.13401280907233146,0.9723642821424908,EPIRUBICIN,TP53AIP1
41867,0.03500441735616204,0.1944728564284981,EPIRUBICIN,TYMSOS
44259,0.20842091308222166,1.875273972703374,STAUROSPORINE,APLN
44259,0.08462264138269229,0.5357925636295356,STAUROSPORINE,CAST
44259,0.18428210113352728,1.544343271638073,STAUROSPORINE,CSTF1
44259,0.09488456437412852,0.6177373086552295,STAUROSPORINE,CTSS
44259,0.04200509533476627,0.2375912725597036,STAUROSPORINE,CTSV
44259,0.05361331172599507,0.3125456621172291,STAUROSPORINE,CXCL2
44259,0.2779254273998136,3.088686543276147,STAUROSPORINE,CYP2B7P
44259,0.08146702140708907,0.5114383561918295,STAUROSPORINE,DIABLO
44259,0.16002764716579326,1.250182648468916,STAUROSPORINE,EIF2S1
44259,0.18428210113352728,1.544343271638073,STAUROSPORINE,ELK1
44259,0.08190314385241822,0.5147810905460245,STAUROSPORINE,EP300
44259,0.04513836507258972,0.2573905452730122,STAUROSPORINE,ERCC1
44259,0.0643753694461467,0.3860858179095184,STAUROSPORINE,EXTL1
44259,0.1128841847055379,0.7721716358190368,STAUROSPORINE,FCN1
44259,0.03688606897089332,0.2059124362184098,STAUROSPORINE,FGB
44259,0.05816901020441758,0.3431873936973497,STAUROSPORINE,LATS2
44259,0.09577994585147079,0.6250913242344582,STAUROSPORINE,MARCKSL1
44259,0.03728695719558276,0.2083637747448194,STAUROSPORINE,NOP2
44259,0.04678093970984626,0.2678962818147678,STAUROSPORINE,NPPC
44259,0.06660712848362216,0.4018444227221517,STAUROSPORINE,SLC1A1
60750,0.04012155413811198,0.2258394461750301,GEMCITABINE,ACSS2
60750,0.149117320719727,1.129197231,GEMCITABINE,ALG10
60750,0.08829112477187125,0.5645986154375753,GEMCITABINE,ATAT1
60750,0.149117320719727,1.129197231,GEMCITABINE,BTRC
60750,0.08829112477187125,0.5645986154375753,GEMCITABINE,C6orf15
60750,0.08829112477187125,0.5645986154375753,GEMCITABINE,CAMK4
60750,0.04901087203994628,0.2822993077187876,GEMCITABINE,CDC5L
60750,0.04901087203994628,0.2822993077187876,GEMCITABINE,CDSN
60750,0.08829112477187125,0.5645986154375753,GEMCITABINE,CIP2A
60750,0.149117320719727,1.129197231,GEMCITABINE,DCP1B
60750,0.08829112477187125,0.5645986154375753,GEMCITABINE,DDX53
60750,0.08829112477187125,0.5645986154375753,GEMCITABINE,DOCK8
60750,0.04012155413811198,0.2258394461750301,GEMCITABINE,ETS2
60750,0.08829112477187125,0.5645986154375753,GEMCITABINE,FHL2
60750,0.0629908904591649,0.3763990769583835,GEMCITABINE,GPX5
60750,0.0629908904591649,0.3763990769583835,GEMCITABINE,HCP5
60750,0.08829112477187125,0.5645986154375753,GEMCITABINE,MSH5
60750,0.08829112477187125,0.5645986154375753,GEMCITABINE,MUCL3
60750,0.08829112477187125,0.5645986154375753,GEMCITABINE,NT5C
60750,0.0629908904591649,0.3763990769583835,GEMCITABINE,NT5C1A
60750,0.08829112477187125,0.5645986154375753,GEMCITABINE,OR4D6
60750,0.0629908904591649,0.3763990769583835,GEMCITABINE,POLR1G
60750,0.04901087203994628,0.2822993077187876,GEMCITABINE,PPCDC
60750,0.08829112477187125,0.5645986154375753,GEMCITABINE,PPP1R13L
60750,0.08829112477187125,0.5645986154375753,GEMCITABINE,PPP1R18
60750,0.0629908904591649,0.3763990769583835,GEMCITABINE,PRRC2A
60750,0.04012155413811198,0.2258394461750301,GEMCITABINE,PSORS1C1
60750,0.041188371618664114,0.2324817828272369,GEMCITABINE,RRM1
60750,0.04901087203994628,0.2822993077187876,GEMCITABINE,SERPINA5
60750,0.149117320719727,1.129197231,GEMCITABINE,SH2D5
60750,0.04012155413811198,0.2258394461750301,GEMCITABINE,SLC29A2
60750,0.149117320719727,1.129197231,GEMCITABINE,TENT4A
60750,0.149117320719727,1.129197231,GEMCITABINE,UBASH3B
60750,0.0629908904591649,0.3763990769583835,GEMCITABINE,WWOX
60750,0.08829112477187125,0.5645986154375753,GEMCITABINE,XYLT2
68740,0.13677408499224789,1.000146118775133,ZOLEDRONIC ACID ANHYDROUS,COL1A1
68740,0.24725596964044733,2.500365296937833,"(1-HYDROXY-1-PHOSPHONO-2-[1,1';4',1'']TERPHENYL-3-YL-ETHYL)-PHOSPHONIC ACID; [1-HYDROXY-2-(1,1':3',1''-TERPHENYL-3-YLOXY)ETHANE-1,1-DIYL]BIS(PHOSPHONIC ACID)",CXCR5
68740,0.07696265589583638,0.4773424657790409,ZOLEDRONIC ACID ANHYDROUS,CYP2C8
68740,0.19108665325934834,1.633571993999384,ZOLEDRONIC ACID ANHYDROUS,FDPS
68740,0.19964507962245212,1.750255707856483,ZOLEDRONIC ACID ANHYDROUS,GGPS1
68740,0.17276922286081664,1.400204566285186,ZOLEDRONIC ACID ANHYDROUS,IBSP
68740,0.03251641949507084,0.1795134059339982,ZOLEDRONIC ACID ANHYDROUS,MMP2
68740,0.19964507962245212,1.750255707856483,ZOLEDRONIC ACID ANHYDROUS,PPCDC
68740,0.0755400747751923,0.4667348554283955,ZOLEDRONIC ACID ANHYDROUS,SPP1
68740,0.13677408499224789,1.000146118775133,ZOLEDRONIC ACID ANHYDROUS,TNFRSF11A
68740,0.13677408499224789,1.000146118775133,ZOLEDRONIC ACID ANHYDROUS,TNFRSF11B
104741,0.042880448099632165,0.2430910705356226,FULVESTRANT,ALDH3B1
104741,0.03898170799963642,0.2187819634820604,FULVESTRANT,CCNE1
104741,0.036649650647563724,0.2044691247495891,FULVESTRANT,ESR1
104741,0.10804666673489718,0.729273212,FULVESTRANT,ESRRA
104741,0.04083808071519371,0.2302968036653267,FULVESTRANT,TFPI
104842,0.13050599853576417,0.9376369863516874,SN-38,CES2
104842,0.042880448099632165,0.2430910705356226,SN-38,HDAC10
104842,0.046359157319094416,0.2651902587661338,SN-38,HDAC11
104842,0.03728695719558276,0.2083637747448194,SN-38,HDAC2
104842,0.03811548257654748,0.2134458180312784,SN-38,HDAC3
104842,0.03430446030329887,0.1902451856365742,SN-38,HDAC4
104842,0.04183430435091533,0.2365210416022274,SN-38,HDAC5
104842,0.03649371624668791,0.2035181055647073,SN-38,HDAC6
104842,0.04183430435091533,0.2365210416022274,SN-38,HDAC7
104842,0.03988827548406126,0.2243917574174978,SN-38,HDAC8
104842,0.03500441735616204,0.1944728564284981,SN-38,HDAC9
104842,0.07157427869389359,0.4375639269641208,7-ETHYL-10-HYDROXYCAMPTOTHECIN; SN-38,TOP1
104842,0.03548715013132082,0.1973972602845657,SN-38,UGT1A10
104842,0.039279277214498066,0.2206204673768676,SN-38,UGT1A3
104842,0.033853173821826836,0.1875273972703374,SN-38,UGT1A4
104842,0.04678093970984626,0.2678962818147678,SN-38,UGT1A6
104842,0.0439803764439462,0.2500365296937833,SN-38,UGT1A8
104842,0.11763496947874584,0.8153365098710326,SN-38,UGT1A9
123631,0.08190314385241822,0.5147810905460245,GEFITINIB,ARF1
123631,0.0643753694461467,0.3860858179095184,GEFITINIB,DVL2
123631,0.05305949510863998,0.3088686543276147,GEFITINIB,EMP1
123631,0.08190314385241822,0.5147810905460245,GEFITINIB,NUP62
123631,0.08190314385241822,0.5147810905460245,GEFITINIB,UHRF1
126565,0.05719662724417088,0.3365876361262467,LESTAURTINIB,CTSV
126565,0.12289160926043825,0.8643238063488805,LESTAURTINIB,FLT3
126565,0.03430446030329887,0.1902451856365742,LESTAURTINIB,JAK2
126565,0.07814035915689153,0.4861821410712453,LESTAURTINIB,LATS2
126565,0.032567859546537466,0.1798207919030633,LESTAURTINIB,NTRK1
126565,0.03298531384352713,0.182318303,LESTAURTINIB,NTRK2
126565,0.03649371624668791,0.2035181055647073,LESTAURTINIB,NTRK3
126941,0.0758203205845021,0.4688184931758437,METHOTREXATE,AHRR
126941,0.033853173821826836,0.1875273972703374,METHOTREXATE,ATIC
126941,0.0758203205845021,0.4688184931758437,METHOTREXATE,BCOR
126941,0.05361331172599507,0.3125456621172291,METHOTREXATE,CDH2
126941,0.03433967365119607,0.1904575128526865,METHOTREXATE,DHFR
126941,0.0758203205845021,0.4688184931758437,METHOTREXATE,ENOSF1
126941,0.13050599853576417,0.9376369863516874,METHOTREXATE,FGF14
126941,0.0758203205845021,0.4688184931758437,METHOTREXATE,FOXP3
126941,0.13050599853576417,0.9376369863516874,METHOTREXATE,FTCDNL1
126941,0.04149686308790282,0.2344092465879218,METHOTREXATE,IL1RN
126941,0.0758203205845021,0.4688184931758437,METHOTREXATE,KIR2DS4
126941,0.033853173821826836,0.1875273972703374,METHOTREXATE,KLRD1
126941,0.10505070184229999,0.7032277397637656,METHOTREXATE,MSH3
126941,0.0758203205845021,0.4688184931758437,METHOTREXATE,NALCN
126941,0.04149686308790282,0.2344092465879218,METHOTREXATE,NFATC1
126941,0.13050599853576417,0.9376369863516874,METHOTREXATE,PFDN4
126941,0.04149686308790282,0.2344092465879218,METHOTREXATE,PYGL
126941,0.13050599853576417,0.9376369863516874,METHOTREXATE,RBMS3
126941,0.033853173821826836,0.1875273972703374,METHOTREXATE,S100A12
126941,0.13050599853576417,0.9376369863516874,METHOTREXATE,S100A8
126941,0.13050599853576417,0.9376369863516874,METHOTREXATE,SLAMF1
126941,0.17328268346031606,1.406455479527531,METHOTREXATE,SLC16A7
126941,0.05361331172599507,0.3125456621172291,METHOTREXATE,SLC22A11
126941,0.13050599853576417,0.9376369863516874,METHOTREXATE,SLC22A9
126941,0.09577994585147079,0.6250913242344582,METHOTREXATE,SLC46A1
126941,0.13050599853576417,0.9376369863516874,METHOTREXATE,SPECC1L
126941,0.033853173821826836,0.1875273972703374,METHOTREXATE,SULT2A1
126941,0.13050599853576417,0.9376369863516874,METHOTREXATE,TNFAIP3
148124,0.03769666336837274,0.2108741816694558,DOCETAXEL ANHYDROUS,ABCC10
148124,0.04445555485570692,0.253049018,DOCETAXEL ANHYDROUS,ACSS2
148124,0.09669271306245546,0.6326225450083675,DOCETAXEL ANHYDROUS,CHST3
148124,0.05417886763355108,0.3163112725041837,DOCETAXEL ANHYDROUS,CYP4B1
148124,0.03769666336837274,0.2108741816694558,DOCETAXEL ANHYDROUS,GAS6
148124,0.03769666336837274,0.2108741816694558,DOCETAXEL ANHYDROUS,MDM4
148124,0.16134470517525248,1.265245090016735,DOCETAXEL ANHYDROUS,ORM2
148124,0.03769666336837274,0.2108741816694558,DOCETAXEL ANHYDROUS,PGP
148124,0.05417886763355108,0.3163112725041837,DOCETAXEL ANHYDROUS,PPCDC
148124,0.16134470517525248,1.265245090016735,DOCETAXEL ANHYDROUS,PRDX4
148124,0.0693903707572207,0.4217483633389116,DOCETAXEL ANHYDROUS,RNF8
148124,0.032723160801568486,0.1807492985738192,DOCETAXEL ANHYDROUS,RPL13
148124,0.09669271306245546,0.6326225450083675,DOCETAXEL ANHYDROUS,SNORD68
148124,0.09669271306245546,0.6326225450083675,DOCETAXEL ANHYDROUS,SPG7
148124,0.09669271306245546,0.6326225450083675,DOCETAXEL ANHYDROUS,SULT1C4
148124,0.05417886763355108,0.3163112725041837,DOCETAXEL ANHYDROUS,TLE3
148124,0.16134470517525248,1.265245090016735,DOCETAXEL ANHYDROUS,VAC14
148124,0.03769666336837274,0.2108741816694558,DOCETAXEL ANHYDROUS,XRCC3
148124,0.16134470517525248,1.265245090016735,DOCETAXEL ANHYDROUS,XRCC4
156422,0.03715236221681219,0.2075402025126264,DORAMAPIMOD,CTNND1
156422,0.1502520549015103,1.141471113819445,DORAMAPIMOD,CTNND2
176158,0.0799769566437429,0.5000730593875666,SB 216763,ENSA
176158,0.05238317981890197,0.3043922970185188,SB 216763,GSK3B
176870,0.09188058117740844,0.5933070196123672,ERLOTINIB,ARF1
176870,0.14335561680096442,1.067952635302261,ERLOTINIB,DDR2
176870,0.0725901093119451,0.4449802647092754,ERLOTINIB,DVL2
176870,0.08655864608327127,0.5509279467829125,ERLOTINIB,EGFR
176870,0.0725901093119451,0.4449802647092754,ERLOTINIB,ERRFI1
176870,0.035548429989495166,0.1977690065374557,ERLOTINIB,MAP3K1
176870,0.09188058117740844,0.5933070196123672,ERLOTINIB,NUP62
176870,0.09188058117740844,0.5933070196123672,ERLOTINIB,UHRF1
208908,0.052922832242592456,0.3079628811477683,LAPATINIB,ABCB11
208908,0.19555021106742282,1.693795846312725,LAPATINIB,EEF2K
208908,0.04831981070586054,0.2778183663264259,LAPATINIB,EGFR
208908,0.06174386185871848,0.3677319929494733,LAPATINIB,ERBB2
208908,0.03179657090528231,0.1752202599633854,LAPATINIB,ERBB4
208908,0.0339648783626038,0.1881995384791917,LAPATINIB,HLA-C
208908,0.10204812178157893,0.6775183385250904,LAPATINIB,HLA-DQA1
208908,0.06962636216987601,0.4234489615781814,LAPATINIB,NF2
216239,0.12882288145759396,0.9211872146613068,SORAFENIB,ADAMTS18
216239,0.03245052051854195,0.179119736,SORAFENIB,FLT3
216239,0.12882288145759396,0.9211872146613068,SORAFENIB,MAPK4
216239,0.12882288145759396,0.9211872146613068,SORAFENIB,MAPK6
216239,0.07471176528128717,0.4605936073306534,SORAFENIB,MAPK7
216239,0.052786874730938016,0.3070624048871023,SORAFENIB,WWOX
216239,0.033305495769802386,0.1842374429322613,SORAFENIB,ZHX2
216326,0.12638072244683832,0.8975670296699916,LENALIDOMIDE,CRBN
216326,0.13772098304882743,1.009762908,LENALIDOMIDE,CUL4A
216326,0.13772098304882743,1.009762908,LENALIDOMIDE,DDB1
216326,0.03890801968865129,0.218327115,LENALIDOMIDE,FGF2
216326,0.08985062617184435,0.5770073762164232,LENALIDOMIDE,RBX1
216326,0.21808466653568528,2.019525816757481,LENALIDOMIDE,TNFSF11
216326,0.10153635888356016,0.6731752722524936,LENALIDOMIDE,VEGFB
216326,0.0731090274807385,0.4487835148349958,LENALIDOMIDE,VEGFC
387447,0.0615417737015833,0.3663325900164732,BORTEZOMIB,ADRM1
387447,0.05251705386032342,0.305277158,BORTEZOMIB,CAPN1
387447,0.05251705386032342,0.305277158,BORTEZOMIB,CTSB
387447,0.05251705386032342,0.305277158,BORTEZOMIB,CTSL
387447,0.03649371624668791,0.2035181055647073,BORTEZOMIB,F12
387447,0.05251705386032342,0.305277158,BORTEZOMIB,PIPSL
387447,0.15746029772525655,1.221108633388244,BORTEZOMIB,PMAIP1
387447,0.05251705386032342,0.305277158,BORTEZOMIB,PRSS1
387447,0.06733690689207854,0.4070362111294147,BORTEZOMIB,PRSS2
387447,0.06733690689207854,0.4070362111294147,BORTEZOMIB,PRSS3
387447,0.06733690689207854,0.4070362111294147,BORTEZOMIB,PSMA1
387447,0.06733690689207854,0.4070362111294147,BORTEZOMIB,PSMA2
387447,0.06733690689207854,0.4070362111294147,BORTEZOMIB,PSMA3
387447,0.05900510409813689,0.3488881809680698,BORTEZOMIB,PSMA4
387447,0.06733690689207854,0.4070362111294147,BORTEZOMIB,PSMA5
387447,0.06733690689207854,0.4070362111294147,BORTEZOMIB,PSMA6
387447,0.06733690689207854,0.4070362111294147,BORTEZOMIB,PSMA7
387447,0.06733690689207854,0.4070362111294147,BORTEZOMIB,PSMA8
387447,0.08301444069716071,0.5233322714521046,BORTEZOMIB,PSMB1
387447,0.06733690689207854,0.4070362111294147,BORTEZOMIB,PSMB10
387447,0.05251705386032342,0.305277158,BORTEZOMIB,PSMB11
387447,0.07434949283174482,0.4579157375205915,BORTEZOMIB,PSMB2
387447,0.06733690689207854,0.4070362111294147,BORTEZOMIB,PSMB3
387447,0.06733690689207854,0.4070362111294147,BORTEZOMIB,PSMB4
387447,0.07017190306885167,0.4273880216858854,BORTEZOMIB,PSMB5
387447,0.06733690689207854,0.4070362111294147,BORTEZOMIB,PSMB6
387447,0.06733690689207854,0.4070362111294147,BORTEZOMIB,PSMB7
387447,0.03950545673187156,0.2220197515251353,BORTEZOMIB,PSMB8
387447,0.06733690689207854,0.4070362111294147,BORTEZOMIB,PSMB9
387447,0.07844050693314324,0.4884434533552976,BORTEZOMIB,PSMC1
387447,0.05251705386032342,0.305277158,BORTEZOMIB,PSMC1P1
387447,0.08112149701281632,0.5087952639117684,BORTEZOMIB,PSMC2
387447,0.07844050693314324,0.4884434533552976,BORTEZOMIB,PSMC3
387447,0.05251705386032342,0.305277158,BORTEZOMIB,PSMC3IP
387447,0.07844050693314324,0.4884434533552976,BORTEZOMIB,PSMC4
387447,0.07844050693314324,0.4884434533552976,BORTEZOMIB,PSMC5
387447,0.07844050693314324,0.4884434533552976,BORTEZOMIB,PSMC6
387447,0.10843351385628208,0.7326651800329465,BORTEZOMIB,PSMD1
387447,0.05251705386032342,0.305277158,BORTEZOMIB,PSMD10
387447,0.05251705386032342,0.305277158,BORTEZOMIB,PSMD10P1
387447,0.05251705386032342,0.305277158,BORTEZOMIB,PSMD10P2
387447,0.05251705386032342,0.305277158,BORTEZOMIB,PSMD10P3
387447,0.07844050693314324,0.4884434533552976,BORTEZOMIB,PSMD11
387447,0.07844050693314324,0.4884434533552976,BORTEZOMIB,PSMD12
387447,0.07844050693314324,0.4884434533552976,BORTEZOMIB,PSMD13
387447,0.033908934078445294,0.1878628666751144,BORTEZOMIB,PSMD14
387447,0.10843351385628208,0.7326651800329465,BORTEZOMIB,PSMD2
387447,0.07844050693314324,0.4884434533552976,BORTEZOMIB,PSMD3
387447,0.05900510409813689,0.3488881809680698,BORTEZOMIB,PSMD4
387447,0.05251705386032342,0.305277158,BORTEZOMIB,PSMD4P1
387447,0.05251705386032342,0.305277158,BORTEZOMIB,PSMD5
387447,0.07844050693314324,0.4884434533552976,BORTEZOMIB,PSMD6
387447,0.06733690689207854,0.4070362111294147,BORTEZOMIB,PSMD7
387447,0.07844050693314324,0.4884434533552976,BORTEZOMIB,PSMD8
387447,0.05251705386032342,0.305277158,BORTEZOMIB,PSMD9
387447,0.05251705386032342,0.305277158,BORTEZOMIB,PSME1
387447,0.05251705386032342,0.305277158,BORTEZOMIB,PSME2
387447,0.05251705386032342,0.305277158,BORTEZOMIB,PSME2P2
387447,0.05251705386032342,0.305277158,BORTEZOMIB,PSME3
387447,0.05251705386032342,0.305277158,BORTEZOMIB,PSME4
387447,0.05251705386032342,0.305277158,BORTEZOMIB,PSMF1
387447,0.0615417737015833,0.3663325900164732,BORTEZOMIB,SEM1
444795,0.07484853925926367,0.4616059009731384,TRETINOIN,ALDH1A2
444795,0.08985062617184433,0.5770073762164231,TRETINOIN,BHLHE40
444795,0.04091928035778532,0.2308029504865692,TRETINOIN,CD55
444795,0.04996374998971657,0.2885036881082115,TRETINOIN,CEACAM1
444795,0.06417384413668115,0.384671584,TRETINOIN,DUSP6
444795,0.08985062617184433,0.5770073762164231,TRETINOIN,EGR2
444795,0.04996374998971657,0.2885036881082115,TRETINOIN,ERVK2
444795,0.06417384413668115,0.384671584,TRETINOIN,FUS
444795,0.08985062617184433,0.5770073762164231,TRETINOIN,HAS3
444795,0.15140502830265307,1.154014752432846,TRETINOIN,HES1
444795,0.05861193790189729,0.3462044257298538,TRETINOIN,HOXB1
444795,0.08985062617184433,0.5770073762164231,TRETINOIN,HOXD1
444795,0.15140502830265307,1.154014752432846,TRETINOIN,MDK
444795,0.15140502830265307,1.154014752432846,TRETINOIN,MST1
444795,0.15140502830265307,1.154014752432846,TRETINOIN,NR2C1
444795,0.04996374998971657,0.2885036881082115,TRETINOIN,NR2C2
444795,0.034650903090737525,0.192335792,TRETINOIN,NR2E1
444795,0.12301728814582413,0.8655110643246345,TRETINOIN,NRIP1
444795,0.15140502830265307,1.154014752432846,TRETINOIN,OCLN
444795,0.06417384413668115,0.384671584,TRETINOIN,PML
444795,0.04996374998971657,0.2885036881082115,TRETINOIN,PTCH1
444795,0.06417384413668115,0.384671584,TRETINOIN,PTPRZ1
444795,0.08985062617184433,0.5770073762164231,TRETINOIN,RARRES1
444795,0.04996374998971657,0.2885036881082115,TRETINOIN,SHH
444795,0.06417384413668115,0.384671584,TRETINOIN,TBP
444795,0.04996374998971657,0.2885036881082115,TRETINOIN,TPO
444795,0.04996374998971657,0.2885036881082115,TRETINOIN,TSPYL2
446541,0.19964507962245212,1.750255707856483,MYCOPHENOLATE SODIUM,IMPDH1
446541,0.25418375360526463,2.625383561784724,MYCOPHENOLATE SODIUM,IMPDH2
452548,0.034476811132897675,0.1912847768149162,TENIPOSIDE,ABCC1
452548,0.036109628543610134,0.2011788169949981,TENIPOSIDE,FAS
452548,0.2376237211709662,2.333674277141978,TENIPOSIDE,H2AC25
452548,0.09857251167472139,0.6482428547616605,TENIPOSIDE,NOP2
452548,0.37933940958475837,5.834185692854945,TENIPOSIDE,NUP50
452548,0.05198563923759172,0.3017682254924971,TENIPOSIDE,TOP2A
452548,0.06129657858057306,0.364636606,TENIPOSIDE,TOP2B
457193,0.0517239617727571,0.300043836,DACTINOMYCIN,CD5
457193,0.07034415873204455,0.4286340509036285,DACTINOMYCIN,CEL
457193,0.13677408499224789,1.000146118775133,DACTINOMYCIN,COIL
457193,0.09793768471009878,0.6429510763554429,DACTINOMYCIN,CSF1
457193,0.07034415873204455,0.4286340509036285,DACTINOMYCIN,GRB2
457193,0.06279798923524697,0.375054795,DACTINOMYCIN,MTR
457193,0.0517239617727571,0.300043836,DACTINOMYCIN,TNFRSF1B
457193,0.03385317382182685,0.1875273972703375,DACTINOMYCIN,TNFRSF8
462382,0.20842091308222166,1.875273972703374,MG-132,CFL1
462382,0.13050599853576417,0.9376369863516874,MG-132,FRA6F
462382,0.2839204356866883,3.214755381777214,MG-132,PSMB1
462382,0.20842091308222166,1.875273972703374,MG-132,PSMB2
462382,0.2326254225361628,2.250328767,MG-132,PSMB5
644241,0.11818835493286743,0.8204323630577265,NILOTINIB,ABI1
644241,0.09727657136490356,0.637458239,NILOTINIB,ABL1
644241,0.05361331172599507,0.3125456621172291,NILOTINIB,BCR
644241,0.03898170799963642,0.2187819634820604,NILOTINIB,CYP1A1
644241,0.1654369206621661,1.312691780892362,NILOTINIB,DDR2
644241,0.03898170799963642,0.2187819634820604,NILOTINIB,DUSP1
644241,0.06129657858057306,0.364636606,NILOTINIB,DUSP2
644241,0.10141670492667229,0.6721614540713904,NILOTINIB,KIT
644241,0.06778256757383862,0.4102161815288633,NILOTINIB,UGT1A1
657237,0.03476794482304531,0.1930429089547592,FLUDARABINE,ADH1A
657237,0.0643753694461467,0.3860858179095184,FLUDARABINE,CXCL12
657237,0.05305949510863998,0.3088686543276147,FLUDARABINE,GBA1LP
657237,0.05305949510863998,0.3088686543276147,FLUDARABINE,IKZF1
657237,0.0643753694461467,0.3860858179095184,FLUDARABINE,NIPSNAP2
657237,0.09011600337830779,0.5791287268642776,FLUDARABINE,POLA1
657237,0.039279277214498066,0.2206204673768676,FLUDARABINE,POLA2
657237,0.04513836507258972,0.2573905452730122,FLUDARABINE,POLD2
657237,0.04513836507258972,0.2573905452730122,FLUDARABINE,POLD3
657237,0.04513836507258972,0.2573905452730122,FLUDARABINE,POLD4
657237,0.04513836507258972,0.2573905452730122,FLUDARABINE,POLE2
657237,0.04513836507258972,0.2573905452730122,FLUDARABINE,POLE3
657237,0.039279277214498066,0.2206204673768676,FLUDARABINE,PRIM1
657237,0.04513836507258972,0.2573905452730122,FLUDARABINE,PRIM2
657237,0.047501282722728695,0.2725311655831894,FLUDARABINE,RRM1
657237,0.04200509533476627,0.2375912725597036,FLUDARABINE,SLC22A12
657237,0.1128841847055379,0.7721716358190368,FLUDARABINE,SULT2B1
984170,0.06093245184884078,0.3621218705909965,CCT-018159,HSP90AA1
992586,0.10578364560456115,0.7095631248066824,UMI-77,PTEN
2130404,0.3319483626138952,4.375639269641208,AGK2,SIRT2
2733526,0.03623675566527524,0.2019525816757481,TAMOXIFEN,CCNA2
2733526,0.08497551413500748,0.5385402178019949,TAMOXIFEN,E2F7
2733526,0.08497551413500748,0.5385402178019949,TAMOXIFEN,FMO1
2733526,0.1897364073101983,1.615620653405984,TAMOXIFEN,LRMDA
2733526,0.06689711734659627,0.4039051633514962,TAMOXIFEN,NCOA1
2733526,0.11681481381553815,0.8078103267029924,TAMOXIFEN,PIP
2733526,0.08497551413500748,0.5385402178019949,TAMOXIFEN,PLD1
2733526,0.08497551413500748,0.5385402178019949,TAMOXIFEN,PLD2
2733526,0.1897364073101983,1.615620653405984,TAMOXIFEN,RRAS2
2733526,0.06689711734659627,0.4039051633514962,TAMOXIFEN,TFF3
2733526,0.11681481381553815,0.8078103267029924,TAMOXIFEN,ZNF423
2733526,0.08497551413500748,0.5385402178019949,TAMOXIFEN,ZNF613
3011155,0.3319483626138952,4.375639269641208,NELARABINE,NT5C2
3011155,0.2870327483384121,3.281729452230906,NELARABINE,POLA1
3062316,0.032030184589563054,0.1766118064547324,DASATINIB ANHYDROUS,ABL1
3062316,0.1322353086480017,0.954684931558082,DASATINIB ANHYDROUS,DDR2
3062316,0.06869198371248256,0.4167275494896388,DASATINIB ANHYDROUS,EPHA2
3062316,0.05107414529380518,0.2957715794844315,DASATINIB ANHYDROUS,KIT
3062316,0.03427086794801256,0.1900426678745596,DASATINIB ANHYDROUS,PDGFRA
3062316,0.04753788451231029,0.2727671233023091,DASATINIB ANHYDROUS,STAT5B
5278396,0.07725370174933378,0.4795221117415022,KU-55933,ATM
5278396,0.21313291241961335,1.944728564284981,KU-55933,EEF1B2P2
5278396,0.04183430435091533,0.2365210416022274,KU-55933,PTEN
5284616,0.052786874730938016,0.3070624048871023,SIROLIMUS,CRLF2
5284616,0.046047792636440224,0.2631963470460877,SIROLIMUS,DCN
5284616,0.061851059224092175,0.3684748858645227,SIROLIMUS,DDC
5284616,0.03955969398680959,0.2223555345734189,SIROLIMUS,EIF4E
5284616,0.05033073886269819,0.290901226,SIROLIMUS,FBXW7
5284616,0.0848239180435824,0.5373592085524291,SIROLIMUS,FKBP1A
5284616,0.09444323595667238,0.6141248097742046,SIROLIMUS,FKBP4
5284616,0.07471176528128717,0.4605936073306534,SIROLIMUS,FLCN
5284616,0.033305495769802386,0.1842374429322613,SIROLIMUS,GAPDHP67
5284616,0.033305495769802386,0.1842374429322613,SIROLIMUS,IL10
5284616,0.052786874730938016,0.3070624048871023,SIROLIMUS,IL7
5284616,0.20614904017380212,1.842374429322613,SIROLIMUS,RBL2
5284616,0.07471176528128717,0.4605936073306534,SIROLIMUS,RHEB
5284616,0.10892108185898136,0.7369497717290455,SIROLIMUS,TCF7L2
5284616,0.04083808071519371,0.2302968036653267,SIROLIMUS,TSC1
5311497,0.044359697483961076,0.2524407270946851,VINORELBINE,SMARCA4
5311497,0.1682893564309378,1.346350544504987,VINORELBINE,STMN1
5311497,0.034650903090737525,0.192335792,VINORELBINE,TUBA3D
5311497,0.03319808000056787,0.1835932560688619,VINORELBINE,XRCC1
5328940,0.09566115019798951,0.6241137025199848,BOSUTINIB,ABL1
5328940,0.05564664948906877,0.326134604,BOSUTINIB,BCR
5328940,0.038761476843304055,0.217423069,BOSUTINIB,CAMK2G
5328940,0.1502520549015103,1.141471113819445,BOSUTINIB,ENO1P1
5328940,0.03430446030329887,0.1902451856365742,BOSUTINIB,EPS15
5328940,0.11163360713476791,0.760980743,BOSUTINIB,ERVT1
5328940,0.040516484677887474,0.2282942227638891,BOSUTINIB,FAU
5328940,0.07416968498661848,0.4565884455277782,BOSUTINIB,FAUNA@
5328940,0.07416968498661848,0.4565884455277782,BOSUTINIB,FBLN2
5328940,0.04455182844747284,0.2536602475154323,BOSUTINIB,FCGRT
5328940,0.04455182844747284,0.2536602475154323,BOSUTINIB,FGF1
5328940,0.2345963771975462,2.282942227638891,BOSUTINIB,MEGF6
5328940,0.11163360713476791,0.760980743,BOSUTINIB,STK10
5328940,0.05564664948906877,0.326134604,BOSUTINIB,STK4
5330286,0.07034415873204455,0.4286340509036285,PALBOCICLIB,CCND2
5330286,0.07034415873204455,0.4286340509036285,PALBOCICLIB,CCND3
5330286,0.14370208209639923,1.071585127259071,PALBOCICLIB,CCNE2
5330286,0.036591019214889046,0.2041114528112516,PALBOCICLIB,CDK4
5330286,0.051362026281975066,0.297662535,PALBOCICLIB,CDK6
5330286,0.1315529958692159,0.9479406894984094,PALBOCICLIB,CDKN2A
5330286,0.08462264138269229,0.5357925636295356,PALBOCICLIB,CDKN2B
5330286,0.08223335385371398,0.5173169579871378,PALBOCICLIB,RB1
5352062,0.13050599853576417,0.9376369863516874,ROMIDEPSIN,CDKN2D
5352062,0.04149686308790282,0.2344092465879218,ROMIDEPSIN,CTAG1B
5352062,0.03208065220986947,0.1769126389342806,ROMIDEPSIN,HDAC1
5352062,0.03236306962175613,0.1785975212098452,ROMIDEPSIN,HDAC2
5352062,0.03309135490485597,0.1829535583125243,ROMIDEPSIN,HDAC3
5352062,0.038863940527265106,0.2180551131050435,ROMIDEPSIN,HDAC6
5352062,0.034650903090737525,0.192335792,ROMIDEPSIN,HDAC8
5360373,0.0995406513479374,0.6563458904461812,BLEOMYCIN,ADK
5360373,0.044359697469036515,0.252440727,BLEOMYCIN,AFP
5360373,0.1583063950934499,1.230648544586589,BLEOMYCIN,BLMH
5360373,0.07157427869389359,0.4375639269641208,BLEOMYCIN,CCL17
5360373,0.03898170799963642,0.2187819634820604,BLEOMYCIN,CTLA4
5360373,0.044359697469036515,0.252440727,BLEOMYCIN,F2R
5360373,0.09229782038486975,0.596678082,BLEOMYCIN,GJA1
5360373,0.0494827071923304,0.2853677784548614,BLEOMYCIN,GSTM1
5360373,0.04149686308790282,0.2344092465879218,BLEOMYCIN,IFNG
5360373,0.3993554171521533,6.563458904461812,BLEOMYCIN,LIG1
5360373,0.11818835493286743,0.8204323630577265,BLEOMYCIN,SMAD2
5494449,0.0772537017493338,0.4795221117415023,TOZASERTIB,MYLK
5494449,0.17589947613807472,1.438566335224506,TOZASERTIB,TNK1
5702198,0.032775257529161786,0.1810609352954982,CISPLATIN,BIRC7
5702198,0.032775257529161786,0.1810609352954982,CISPLATIN,CDC25C
5702198,0.06093245184884078,0.3621218705909965,CISPLATIN,CLCN6
5702198,0.10747166676460015,0.7242437411819931,CISPLATIN,CSNK2A3
5702198,0.06093245184884078,0.3621218705909965,CISPLATIN,DCBLD1
5702198,0.04261402744205935,0.2414145803939976,CISPLATIN,DFFB
5702198,0.10747166676460015,0.7242437411819931,CISPLATIN,DRAM1
5702198,0.05650972508888971,0.3319450480417468,CISPLATIN,ERCC1
5702198,0.04735543925573244,0.2715914029432474,CISPLATIN,GALNT14
5702198,0.06093245184884078,0.3621218705909965,CISPLATIN,GALNT18
5702198,0.04261402744205935,0.2414145803939976,CISPLATIN,GPX5
5702198,0.06093245184884078,0.3621218705909965,CISPLATIN,GSTM4
5702198,0.06093245184884078,0.3621218705909965,CISPLATIN,KRT20
5702198,0.032775257529161786,0.1810609352954982,CISPLATIN,MDH2
5702198,0.032775257529161786,0.1810609352954982,CISPLATIN,MECP2
5702198,0.06093245184884078,0.3621218705909965,CISPLATIN,MIR21
5702198,0.06093245184884078,0.3621218705909965,CISPLATIN,MLLT3
5702198,0.06093245184884078,0.3621218705909965,CISPLATIN,MT1F
5702198,0.04735543925573244,0.2715914029432474,CISPLATIN,MTHFD1
5702198,0.06093245184884078,0.3621218705909965,CISPLATIN,MUTYH
5702198,0.10747166676460015,0.7242437411819931,CISPLATIN,NHLH1
5702198,0.06093245184884078,0.3621218705909965,CISPLATIN,OSGEP
5702198,0.04261402744205935,0.2414145803939976,CISPLATIN,POLR1G
5702198,0.06093245184884078,0.3621218705909965,CISPLATIN,PPP1R13L
5702198,0.10747166676460015,0.7242437411819931,CISPLATIN,RARS1
5702198,0.10747166676460015,0.7242437411819931,CISPLATIN,SEMA6A
5702198,0.06093245184884078,0.3621218705909965,CISPLATIN,SYNE3
5702198,0.032775257529161786,0.1810609352954982,CISPLATIN,TERC
5702198,0.10747166676460015,0.7242437411819931,CISPLATIN,TMEM43
5702198,0.06093245184884078,0.3621218705909965,CISPLATIN,UBE2I
5702198,0.10747166676460015,0.7242437411819931,CISPLATIN,WFS1
6450551,0.07696265589583638,0.4773424657790409,AXITINIB,FABP5
6450551,0.04035758166675053,0.2273059360852575,AXITINIB,FLT1
6450551,0.3460413031513456,4.773424657790409,AXITINIB,OR2B11
6450551,0.0660346894230464,0.3977853881492008,AXITINIB,PDGFB
6450551,0.04416922064480712,0.251232877,AXITINIB,UGT1A10
6450551,0.04877832473284367,0.280789686,AXITINIB,UGT1A7
6450551,0.054466165822644116,0.3182283105193606,AXITINIB,UGT1A8
6450551,0.03715236221681219,0.2075402025126264,AXITINIB,UGT1A9
6450551,0.046359157319094416,0.2651902587661338,AXITINIB,VHL
6505803,0.05650972508888971,0.3319450480417468,TANESPIMYCIN,HSP90AA1
6505803,0.12403234904392293,0.8751278539282416,TANESPIMYCIN,HSP90AA2P
6505803,0.13188565699434424,0.9512259281828714,TANESPIMYCIN,HSP90AB1
6914657,0.6101640620557198,21.00306849427779,DAPORINAD,NAMPT
6918289,0.06986397924313378,0.4251633298436802,TEMSIROLIMUS,FBXW7
6918289,0.0571966272441709,0.3365876361262468,TEMSIROLIMUS,FKBP1A
6918289,0.040397190266754826,0.2275522047050683,TEMSIROLIMUS,MTOR
6918289,0.0571966272441709,0.3365876361262468,TEMSIROLIMUS,NF2
6918289,0.03685005193395987,0.205692444,TEMSIROLIMUS,PIK3CA
6918289,0.03890801968865129,0.218327115,TEMSIROLIMUS,PTEN
6918289,0.08060874177692827,0.5048814541893702,TEMSIROLIMUS,PTPRD
6918289,0.044359697483961076,0.2524407270946851,TEMSIROLIMUS,RPTOR
9826528,0.14581815098131534,1.093909817410302,MIRDAMETINIB,DDX43
9826528,0.055949851826947346,0.3281729452230906,MIRDAMETINIB,GNA11
9826528,0.11818835493286743,0.8204323630577265,MIRDAMETINIB,GNAQ
9826528,0.04764803020237104,0.2734774543525755,MIRDAMETINIB,MAP2K1
9826528,0.08146702140708907,0.5114383561918295,MIRDAMETINIB,MAP2K2
9826528,0.1195955545896667,0.8334550989792776,MIRDAMETINIB,MAP2K3
9826528,0.1195955545896667,0.8334550989792776,MIRDAMETINIB,MAP2K4
9826528,0.13050599853576417,0.9376369863516874,MIRDAMETINIB,MAP2K5
9826528,0.11041112690474804,0.7501095890813498,MIRDAMETINIB,MAP2K6
9826528,0.11041112690474804,0.7501095890813498,MIRDAMETINIB,MAP2K7
9826528,0.08906393972220306,0.5707355569097228,MIRDAMETINIB,NF1
9826528,0.040199922152244535,0.2263261691193728,MIRDAMETINIB,STK11
9858940,0.21313291241961335,1.944728564284981,TGF-BETA RI INHIBITOR III,DNMT3A
9887053,0.04494113992957165,0.2561349816375341,OXALIPLATIN,ABCC5
9887053,0.04936389564274947,0.2845944240417046,OXALIPLATIN,ATP7A
9887053,0.03811548257654748,0.2134458180312784,OXALIPLATIN,ATP7B
9887053,0.04494113992957165,0.2561349816375341,OXALIPLATIN,CSMD1
9887053,0.16268483692737684,1.280674908,OXALIPLATIN,FOXC2
9887053,0.061480289940692635,0.3659071166250487,OXALIPLATIN,GCKR
9887053,0.16268483692737684,1.280674908,OXALIPLATIN,GNA13
9887053,0.09762338739021746,0.6403374540938354,OXALIPLATIN,IGF2BP2
9887053,0.21762407907032832,2.012489141437768,OXALIPLATIN,KLC3
9887053,0.09762338739021746,0.6403374540938354,OXALIPLATIN,MGAT4A
9887053,0.042409093885149345,0.2401265452851883,OXALIPLATIN,MSH6
9887053,0.16268483692737684,1.280674908,OXALIPLATIN,MT1A
9887053,0.16268483692737684,1.280674908,OXALIPLATIN,PARD3B
9887053,0.041247339536938675,0.2328499833068492,OXALIPLATIN,SELE
9887053,0.07010323900686488,0.4268916360625569,OXALIPLATIN,XRCC3
9887053,0.07010323900686488,0.4268916360625569,OXALIPLATIN,ZEB1
9926054,0.05784120840197057,0.3409589041278864,BMS-345541,CHUK
9926054,0.03868861915254669,0.2169738480813822,BMS-345541,CSNK1D
9926054,0.10256518185835882,0.6819178082557728,BMS-345541,DMTN
9926054,0.07390161528635918,0.4546118721705151,BMS-345541,IKBKB
9926054,0.03868861915254669,0.2169738480813822,BMS-345541,LIMK1
9931954,0.03528440187164164,0.1961681366215236,RUCAPARIB,ATM
9931954,0.0593120489628411,0.3509871071904712,RUCAPARIB,BRCA2
9931954,0.054466165822644116,0.3182283105193606,RUCAPARIB,CDK12
9931954,0.09229782041254055,0.5966780822238011,RUCAPARIB,PALB2
9931954,0.06377458347498201,0.3818739726232327,RUCAPARIB,PARP1
9931954,0.09229782041254055,0.5966780822238011,RUCAPARIB,PARP2
9931954,0.0660346894230464,0.3977853881492008,RUCAPARIB,PARP3
9933475,0.09577994585147079,0.6250913242344582,CEDIRANIB,FLT1
9936746,0.15140502830265307,1.154014752432846,BIRABRESIB,BRD2
9936746,0.05784120840197057,0.3409589041278863,BIRABRESIB,BRD3
9936746,0.1541688641788281,1.184383561707394,BIRABRESIB,BRD4
9936746,0.08462264138269229,0.5357925636295356,BIRABRESIB,BRDT
9936746,0.08985062614475198,0.577007376,BIRABRESIB,DNER
9936746,0.11481494783515704,0.789589041,BIRABRESIB,FBXW7
9936746,0.060217107941980645,0.3571950424196904,BIRABRESIB,MYCN
9956119,0.05917523324476527,0.3500511415712967,LADUVIGLUSIB,CSNK1G1
9956119,0.046994730987246144,0.2692701089009974,LADUVIGLUSIB,CTNNA1
9956119,0.0799769566437429,0.5000730593875666,LADUVIGLUSIB,ENSA
10077147,0.1195955545896667,0.8334550989792778,BX-795,CTSO
10077147,0.05816901020441758,0.3431873936973497,BX-795,EIF5AP3
10077147,0.09857251167472139,0.6482428547616605,BX-795,STOM
10127622,0.04131239991893468,0.2332563532602643,SELUMETINIB,BRAF
10127622,0.08392573878005813,0.5303805175322677,SELUMETINIB,CIC
10127622,0.08392573878005813,0.5303805175322677,SELUMETINIB,DDX43
10127622,0.19964507962245212,1.750255707856483,SELUMETINIB,GNA11
10127622,0.3460413031513456,4.773424657790409,SELUMETINIB,GNAQ
10127622,0.07645576720318259,0.4735540335109532,SELUMETINIB,MAP2K1
10127622,0.032733566894144396,0.1808115400678185,SELUMETINIB,MAP2K2
10127622,0.03206066800003334,0.1767935058440892,SELUMETINIB,MAP2K3
10127622,0.03206066800003334,0.1767935058440892,SELUMETINIB,MAP2K4
10127622,0.035733546721614794,0.1988926940746004,SELUMETINIB,MAP2K5
10127622,0.03715236221681219,0.2075402025126264,SELUMETINIB,NF1
10127622,0.11547370581425281,0.7955707762984016,SELUMETINIB,RIT1
10184653,0.2061490401738022,1.842374429322614,AFATINIB,ARF1
10184653,0.17124804983351882,1.381780822,AFATINIB,DVL2
10184653,0.1541688641788281,1.184383561707394,AFATINIB,EGFR
10184653,0.03263669996770397,0.1802322811293861,AFATINIB,EML4
10184653,0.04180815224515905,0.2363572458670459,AFATINIB,ERBB2
10184653,0.039354381677854426,0.2210849315187136,AFATINIB,KEAP1
10184653,0.2061490401738022,1.842374429322614,AFATINIB,NUP62
10184653,0.2061490401738022,1.842374429322614,AFATINIB,UHRF1
11152667,0.1036155332900575,0.6908904109959803,AZD-7762; AZD7762,CHEK1
11152667,0.09488456437412852,0.6177373086552295,AZD7762,CHEK2
11152667,0.09488456437412852,0.6177373086552295,AZD7762,EIF5AP3
11152667,0.14690079417683585,1.105424657593568,AZD7762,FBXW7
11178236,0.09229782038486975,0.596678082,SEPANTRONIUM BROMIDE,BIRC5
11228183,0.2641398755697629,2.812910959055062,ABT-737,BCL2L1
11228183,0.05251705386032342,0.305277158,ABT-737,FGFR2
11228183,0.2968706584847759,3.500511415712966,ABT-737,GPR21
11228183,0.2694615172131084,2.917092846427472,ABT-737,GPR22
11228183,0.37933940958475837,5.834185692854944,ABT-737,LPAR4
11228183,0.03216083875903717,0.1773907812016706,ABT-737,PTEN
11327430,0.04235090371542409,0.2397610558707511,NU-7441,ATM
11327430,0.16002764716579326,1.250182648468916,NU-7441,GOLGA1
11364421,0.07207857916457783,0.4412409347537352,BI-2536,FABP1
11364421,0.307544594495265,3.750547945406749,BI-2536,FABP2
11364421,0.307544594495265,3.750547945406749,BI-2536,FABP3
11364421,0.05045427408315103,0.2917092846427472,BI 2536; BI-2536,PLK1
11364421,0.307544594495265,3.750547945406749,BI-2536,PLK2
11433190,0.3398236588136764,4.594421233123269,NUTLIN-3; REBEMADLIN,MDM2
11433190,0.15620883504884334,1.207072901969988,REBEMADLIN,RB1
11433190,0.05309377168429456,0.3090959307472817,NUTLIN-3; REBEMADLIN,TP53
11455910,0.08641738300681097,0.5498185469706229,TW-37,BRAF
11488320,0.1195955545896667,0.8334550989792776,SAPITINIB,DPAGT1
11488320,0.04149686308790282,0.2344092465879218,SAPITINIB,EN1
11488320,0.05082856006657278,0.2941606231691568,SAPITINIB,ERBB3
11609586,0.0995406513479374,0.6563458904461812,SERDEMETAN,MDM2
11624601,0.06478227079267884,0.3889457128569963,JNK INHIBITOR VIII,CTNNA1P1
11624601,0.06869198371248256,0.4167275494896389,JNK INHIBITOR VIII,CTNNA2
11624601,0.08392573878005813,0.5303805175322677,JNK INHIBITOR VIII,CTNS
11624601,0.03298531384352713,0.182318303,JNK INHIBITOR VIII,MAPK9
11626560,0.23032651997915732,2.212697851403848,CRIZOTINIB,ALK
11626560,0.06689711734659627,0.4039051633514962,CRIZOTINIB,AREG
11626560,0.2546613038132905,2.634164108814105,CRIZOTINIB,EML4
11626560,0.06417384413668115,0.384671584,CRIZOTINIB,MET
11626560,0.049963749989716574,0.2885036881082116,CRIZOTINIB,NPM1
11626560,0.10153635888356016,0.6731752722524936,CRIZOTINIB,PTPN12
11626560,0.1682893564309378,1.346350544504987,CRIZOTINIB,ROS1
11634725,0.03916715719191124,0.2199274187882492,VTX-11E,BRAF
11634725,0.11681481381553815,0.8078103267029924,VTX-11E,CTNNA1
11634725,0.05045427408315103,0.2917092846427472,VTX-11E,EEF1D
11634725,0.03623675566527524,0.2019525816757481,VTX-11E,EIF4A1
11634725,0.06279798923524697,0.375054795,VTX-11E,MAP2K1
11640390,0.09577994585147079,0.6250913242344582,LINSITINIB,DPEP1
11640390,0.06561182752292923,0.3947945205691315,LINSITINIB,DPH1
11640390,0.4224264346621767,7.501095890813499,LINSITINIB,DPH2
11640390,0.13584061780276244,0.9907107780319716,LINSITINIB,IGF1R
11640390,0.06869198371248256,0.4167275494896388,LINSITINIB,IGF2
11655119,0.13401280907233143,0.9723642821424906,LY2109761,DNMT3A
11655119,0.3075445944783622,3.750547945,LY2109761,DOCK3
11667893,0.05784120840197057,0.3409589041278864,MOTESANIB,FLT1
11667893,0.04035758166675053,0.2273059360852575,MOTESANIB,FLT4
11667893,0.0361942805486255,0.2016939996249468,MOTESANIB,KDR
11667893,0.04079760182650981,0.2300445618212245,MOTESANIB,KIT
11667893,0.04155272405181966,0.2347585897273971,MOTESANIB,PDGFRA
11667893,0.04217728931447126,0.2386712328895204,MOTESANIB,PDGFRB
11667893,0.041707121507433935,0.2357246744587856,MOTESANIB,RET
11719003,0.05620506955442336,0.3298911281823738,ULIXERTINIB,BRAF
11719003,0.06689711734659627,0.4039051633514962,ULIXERTINIB,CDKN2A
11719003,0.06689711734659627,0.4039051633514962,ULIXERTINIB,CTNNA1
11719003,0.0867856447574924,0.5527123287967842,ULIXERTINIB,FBXW7
11719003,0.03385317382182685,0.1875273972703375,ULIXERTINIB,MAP2K1
11719003,0.05129366216563329,0.2972132334095915,ULIXERTINIB,MAPK3
11719003,0.0378352422617752,0.2117244807890907,ULIXERTINIB,NRAS
11960529,0.046359157319094416,0.2651902587661338,VELIPARIB,ARID1A
11960529,0.0605726540882035,0.3596415838061266,VELIPARIB,ATM
11960529,0.06437536944614669,0.3860858179095183,VELIPARIB,BRCA2
11960529,0.0906515673969195,0.5834185692854944,VELIPARIB,CDK12
11960529,0.03728695719558276,0.2083637747448194,VELIPARIB,MYCN
11960529,0.15782174289856155,1.225178995499538,VELIPARIB,PARP1
11960529,0.22879185650090927,2.187819634820604,VELIPARIB,PARP2
11960529,0.10804666673489718,0.729273212,VELIPARIB,PARP3
11977753,0.04678093970984626,0.2678962818147678,DACTOLISIB,CRTC1
11977753,0.04678093970984626,0.2678962818147678,DACTOLISIB,CRTC2
16095342,0.1036155332900575,0.6908904109959803,GSK269962A,CTPS1
16095342,0.09577994585147079,0.6250913242344582,GSK269962A,CTRB1
16095342,0.09229782041254055,0.5966780822238011,GSK-269962A,PRKG2
16095342,0.06437536944614669,0.3860858179095183,GSK269962A,ROCK1
16095342,0.05719662724417088,0.3365876361262467,GSK269962A,ROCK2
16654980,0.03176386431008339,0.1750255707856483,BUPARLISIB,PIK3CA
16681698,0.04240909388514933,0.2401265452851882,OBATOCLAX,BCL2
16681698,0.17751036848090793,1.458546423213736,OBATOCLAX MESYLATE,BCL2A1
16681698,0.09577994585147079,0.6250913242344582,OBATOCLAX; OBATOCLAX MESYLATE,BCL2L1
16681698,0.44951222147306885,8.751278539282415,OBATOCLAX MESYLATE,BCL2L10
16681698,0.14581815098131534,1.093909817410302,OBATOCLAX MESYLATE,BCL2L2
16681698,0.1654369206621661,1.312691780892362,OBATOCLAX,GPR21
16681698,0.14581815098131534,1.093909817410302,OBATOCLAX,GPR22
16681698,0.13050599853576417,0.9376369863516876,OBATOCLAX,MCHR1
16720766,0.48210164079027307,10.50153425,PEVONEDISTAT,NAE1
16720766,0.48210164079027307,10.50153425,PEVONEDISTAT,NEDD8
16720766,0.1654369206621661,1.312691780892362,PEVONEDISTAT,SAE1
16720766,0.1654369206621661,1.312691780892362,PEVONEDISTAT,UBA2
16720766,0.6101640620173391,21.00306849,PEVONEDISTAT,UBA3
16747683,0.07157427869389359,0.4375639269641208,AZD5438,CDK10
16747683,0.07157427869389359,0.4375639269641208,AZD5438,CDK13
16747683,0.0860522798271229,0.546954909,AZD5438,CDK14
16747683,0.0860522798271229,0.546954909,AZD5438,CDK15
16747683,0.07157427869389359,0.4375639269641208,AZD5438,CDK16
16747683,0.0860522798271229,0.546954909,AZD5438,CDK17
16747683,0.07157427869389359,0.4375639269641208,AZD5438,CDK18
16747683,0.0860522798271229,0.546954909,AZD5438,CDK20
16747683,0.06129657858057306,0.364636606,AZD5438,CDK3
17755052,0.1128841847055379,0.7721716358190368,PICTILISIB,RIT1
23725625,0.0652635903301057,0.3923362732430473,OLAPARIB,ATM
23725625,0.0593120489628411,0.3509871071904712,OLAPARIB,BRCA2
23725625,0.06603468942304638,0.3977853881492007,OLAPARIB,CDK12
23725625,0.0318424734296207,0.1754935535952356,OLAPARIB,CHEK2
23725625,0.0660346894230464,0.3977853881492008,OLAPARIB,FANCA
23725625,0.04375588912484592,0.2486158675932504,OLAPARIB,IDH2
23725625,0.04217728931447126,0.2386712328895204,OLAPARIB,KDM6A
23725625,0.15497810154035677,1.193356164447602,OLAPARIB,MSH3
23725625,0.051464916383911985,0.2983390411119005,OLAPARIB,PALB2
23725625,0.07047872672844835,0.4296082192011368,OLAPARIB,PARP1
23725625,0.0660346894230464,0.3977853881492008,OLAPARIB,PARP2
23725625,0.035733546721614794,0.1988926940746004,OLAPARIB,PARP3
23725625,0.15497810154035677,1.193356164447602,OLAPARIB,PPP2R2A
23725625,0.0660346894230464,0.3977853881492008,OLAPARIB,SF3B1
23725625,0.035733546721614794,0.1988926940746004,OLAPARIB,TET2
24180719,0.0828842017111654,0.5223276196220918,PLX-4720,BRAF
24180719,0.03623675566527524,0.2019525816757481,PLX-4720,EFNA2
24180719,0.1654369206621661,1.312691780892362,PLX-4720,GNAQ
24180719,0.0439803764439462,0.2500365296937833,PLX-4720,MAP2K1
24180719,0.09065156739691951,0.5834185692854945,PLX-4720,RAC1
24737642,0.06279798916930272,0.3750547945406749,LCL161,BIRC2
24737642,0.060217107941980645,0.3571950424196904,LCL161,BIRC3
24737642,0.307544594495265,3.750547945406749,LCL161,BIRC6
24737642,0.11041112690474804,0.7501095890813498,LCL161,GNG10
24737642,0.11041112690474804,0.7501095890813498,LCL161,GNG11
24737642,0.307544594495265,3.750547945406749,LCL161,NAIP
24771867,0.12558778946763946,0.8899605294185507,ALISERTIB,AURKA
24776445,0.06962636216987601,0.4234489615781814,VISMODEGIB,ALOX12
24776445,0.5980205225082099,19.69037671338543,VISMODEGIB,PTCH1
24776445,0.3993554171521533,6.563458904461812,VISMODEGIB,SHH
24776445,0.5511151052696377,15.31473744374422,VISMODEGIB,SMO
24785538,0.042880448099632186,0.2430910705356227,BMS-754807,AXL
24785538,0.2615681357522321,2.763561643983921,BMS-754807,DPH1
24785538,0.07195183230141305,0.440315901,BMS-754807,IGF1R
24785538,0.3993554171521533,6.563458904461812,DUAL IGF-1R/INSR INHIBITOR BMS-754807,IRS2
24785538,0.04764803020237104,0.2734774543525755,DUAL IGF-1R/INSR INHIBITOR BMS-754807,KRAS
24785538,0.07814035915689153,0.4861821410712454,BMS-754807,MST1R
24785538,0.042880448099632186,0.2430910705356227,BMS-754807,NTRK2
24788740,0.10921578509546216,0.7395446652914718,IPATASERTIB,AKT1
24788740,0.09857251167472138,0.6482428547616604,IPATASERTIB,AKT2
24788740,0.0860522798271229,0.546954909,IPATASERTIB,AKT3
24788740,0.04083808071519371,0.2302968036653267,IPATASERTIB,CSTF3
24788740,0.04513836507258972,0.2573905452730122,IPATASERTIB,CSTP1
24788740,0.05045427408315103,0.2917092846427472,IPATASERTIB,FKBP2
24788740,0.06603468942304637,0.3977853881492006,IPATASERTIB,PRKG1
24788740,0.059865737926309975,0.3547815624033412,IPATASERTIB,PTEN
24788740,0.05198563923759172,0.3017682254924971,IPATASERTIB,STK11
24821094,0.054466165822644116,0.3182283105193606,IBRUTINIB,BMX
24821094,0.06713320466764165,0.4055851016423223,IBRUTINIB,BTK
24821094,0.054466165822644116,0.3182283105193606,IBRUTINIB,ENUR2
24821094,0.035733546721614794,0.1988926940746004,IBRUTINIB,FKBP1AP3
24821094,0.18788015190319732,1.591141552596803,IBRUTINIB,MYD88
24821094,0.3460413031513456,4.773424657790409,IBRUTINIB,PLCG2
24856436,0.03548715013132082,0.1973972602845657,ADAVOSERTIB,FBXW7
24856436,0.5759576393742879,17.50255707856483,ADAVOSERTIB,FIM1
24856436,0.033853173821826836,0.1875273972703374,ADAVOSERTIB,IKBKE
24856436,0.04149686308790282,0.2344092465879218,ADAVOSERTIB,TBK1
24856436,0.43539061702759113,8.078103267029922,ADAVOSERTIB,WEE1
24866313,0.06157256203671783,0.3665456979804153,SCH772984,BRAF
24866313,0.10153635888356013,0.6731752722524935,SCH772984,CTNNA1
24866313,0.04083808071519371,0.2302968036653267,SCH772984,HRAS
24866313,0.06869198371248256,0.4167275494896388,SCH772984,MAP2K1
24905401,0.2694615172131084,2.917092846427472,AT-13148,MAPKAPK2
24905401,0.042880448099632165,0.2430910705356226,MULTI-AGC KINASE INHIBITOR AT13148,PIK3CA
24905401,0.059865737926309975,0.3547815624033412,MULTI-AGC KINASE INHIBITOR AT13148,PTEN
24905401,0.0819031438524182,0.5147810905460244,AT-13148,ROCK1
24905401,0.07310902748073848,0.4487835148349957,AT-13148,ROCK2
24958200,0.04035758166675053,0.2273059360852575,NIRAPARIB,ARID1A
24958200,0.056359326946452105,0.3309307010653015,NIRAPARIB,BRCA2
24958200,0.03548715013132082,0.1973972602845657,NIRAPARIB,GNAI2
24958200,0.06279798916930272,0.3750547945406749,NIRAPARIB,GNAI2P1
24958200,0.03236306962175613,0.1785975212098452,NIRAPARIB,MYCN
24958200,0.126647337863271,0.900131507,NIRAPARIB,PARP1
24958200,0.16002764716579326,1.250182648468916,NIRAPARIB,PARP2
24958200,0.16002764716579326,1.250182648468916,NIRAPARIB,SLFN11
24964624,0.06203813766640338,0.3697723326457359,MK-2206,AKT1
24964624,0.09857251167472138,0.6482428547616604,MK-2206,AKT2
24964624,0.11818835493286743,0.8204323630577265,MK-2206,AKT3
24964624,0.12882288145759396,0.9211872146613068,MK-2206,CSTF3
24964624,0.13965629390096768,1.029562181092048,MK-2206,CSTP1
24964624,0.15257670437523138,1.166837138570988,MK-2206,FKBP2
24964624,0.44951222147306885,8.751278539282415,MK-2206,UBE2T
24978538,0.03593314276203554,0.2001054544043235,NAVITOCLAX,BCL2
24978538,0.0758203205845021,0.4688184931758437,NAVITOCLAX,BCL2L1
24978538,0.11818835493286743,0.8204323630577265,NAVITOCLAX,BCL2L2
24978538,0.0995406513479374,0.6563458904461812,NAVITOCLAX,GPR21
24978538,0.0860522798271229,0.546954909,NAVITOCLAX,GPR22
25099184,0.05850057101711594,0.3454452054979901,AZ960,EPHB2
25099184,0.12201921777468909,0.8561033353645842,AZ960,JAK2
25126798,0.1396562939009678,1.029562181092049,RUXOLITINIB,CRLF2
25126798,0.1649292432271069,1.306751999078369,RUXOLITINIB,CSF3R
25126798,0.2779254273998136,3.088686543276147,RUXOLITINIB,IL7R
25126798,0.18037845858747784,1.494525746746522,RUXOLITINIB,JAK1
25126798,0.19443594330480338,1.678633990910949,RUXOLITINIB,JAK2
25126798,0.07598140720244559,0.4700175174550658,RUXOLITINIB,JAK3
25126798,0.0643753694461467,0.3860858179095184,RUXOLITINIB,PLAUR
25126798,0.34118138190887415,4.633029814914221,RUXOLITINIB,SH2B3
25227436,0.06203813766640338,0.3697723326457359,CAPIVASERTIB,AKT1
25227436,0.06869198371248256,0.4167275494896389,CAPIVASERTIB,AKT2
25227436,0.0758203205845021,0.4688184931758437,CAPIVASERTIB,AKT3
25227436,0.03548715013132082,0.1973972602845657,CAPIVASERTIB,CSTF3
25227436,0.039279277214498066,0.2206204673768676,CAPIVASERTIB,CSTP1
25227436,0.0439803764439462,0.2500365296937833,CAPIVASERTIB,FKBP2
25227436,0.03728695719558276,0.2083637747448194,CAPIVASERTIB,PIK3CA
25227436,0.040481064752727204,0.228073862,CAPIVASERTIB,PTEN
25227436,0.04533733356290766,0.2586584789935689,CAPIVASERTIB,STK11
25262792,0.14370208209639923,1.071585127259071,VISTUSERTIB,RICTOR
25262792,0.08223335385371398,0.5173169579871378,VISTUSERTIB,STK11
25262965,0.13772098304882743,1.009762908,AZD8055,AKT1S1
25262965,0.04315022829168862,0.2447910080918158,AZD8055,ARID1A
25262965,0.1682893564309378,1.346350544504987,AZD8055,DEPTOR
25262965,0.3319483626138952,4.375639269641208,AZD-8055,FKBP1A
25262965,0.05850057101711594,0.3454452054979901,MTOR KINASE INHIBITOR AZD8055,HRAS
25262965,0.1682893564309378,1.346350544504987,AZD8055,MAPKAP1
25262965,0.13772098304882743,1.009762908,AZD8055,MLST8
25262965,0.08703292795026549,0.5546584989686039,AZD-8055; MTOR KINASE INHIBITOR AZD8055,MTOR
25262965,0.15140502830265307,1.154014752432846,AZD8055,RICTOR
25262965,0.08060874177692827,0.5048814541893702,AZD8055,RPTOR
35397514,0.2180846665515409,2.019525817,OF-1,GCLM
35397514,0.44951222147306885,8.751278539282415,OF-1,GLDC
42623951,0.11288418470553789,0.7721716358190367,CZC 24832,F7R
42642645,0.033305495769802386,0.1842374429322613,FORETINIB,MET
42642645,0.1036155332900575,0.6908904109959803,FORETINIB,PTCH1
44137675,0.03385317382182685,0.1875273972703375,AZD-6482,PIK3R3
44137675,0.03385317382182685,0.1875273972703375,AZD-6482,PIK3R5
44182295,0.10634025814188669,0.7143900848393808,REFAMETINIB,MAP2K1
44182295,0.08146702140708907,0.5114383561918295,REFAMETINIB,MAP2K2
44182295,0.1195955545896667,0.8334550989792776,REFAMETINIB,MAP2K3
44182295,0.1195955545896667,0.8334550989792776,REFAMETINIB,MAP2K4
44182295,0.13050599853576417,0.9376369863516874,REFAMETINIB,MAP2K5
44182295,0.11041112690474804,0.7501095890813498,REFAMETINIB,MAP2K6
44182295,0.11041112690474804,0.7501095890813498,REFAMETINIB,MAP2K7
44182295,0.2870327483384121,3.281729452230906,REFAMETINIB,NR2F6
44182295,0.08223335385371398,0.5173169579871378,REFAMETINIB,STK11
44462758,0.12403234904392293,0.8751278539282416,P505-15,CBL
44462758,0.07157427869389359,0.4375639269641208,P505-15,FDX1
44462758,0.06869198371248256,0.4167275494896388,P505-15,FGR
44462758,0.14581815098131534,1.093909817410302,P505-15,MAP3K9
44462758,0.18082851584533255,1.500219178,P505-15; PRT-2607,SYK
44462760,0.09857251167472138,0.6482428547616604,DABRAFENIB,ATXN1L
44462760,0.2381054905937979,2.341819737097098,DABRAFENIB,BRAF
44462760,0.05159411252949903,0.2991890098899971,DABRAFENIB,CDKN2A
44462760,0.0553467325847267,0.3241214273808303,DABRAFENIB,MAP2K1
44462760,0.03854372326431764,0.2160809515872201,DABRAFENIB,MAP2K3
44462760,0.03854372326431764,0.2160809515872201,DABRAFENIB,MAP2K4
44462760,0.042880448099632165,0.2430910705356226,DABRAFENIB,MAP2K5
44462760,0.03500441735616204,0.1944728564284981,DABRAFENIB,MAP2K6
44462760,0.03500441735616204,0.1944728564284981,DABRAFENIB,MAP2K7
44462760,0.03854372326431764,0.2160809515872201,DABRAFENIB,RAC1
44631912,0.09065156739691951,0.5834185692854945,RIBOCICLIB,CCND2
44631912,0.09065156739691951,0.5834185692854945,RIBOCICLIB,CCND3
44631912,0.06213210489515499,0.3704244884352345,RIBOCICLIB,CDK4
44631912,0.13401280907233143,0.9723642821424906,RIBOCICLIB,CDK6
44631912,0.08783393987311187,0.5609793935437446,RIBOCICLIB,CDKN2A
44631912,0.0931439740372403,0.6035364509849942,RIBOCICLIB,RB1
44631912,0.06129657858057306,0.364636606,RIBOCICLIB,SMARCA4
46224516,0.3993554171521533,6.563458904461812,UNC0638,GCNT2
46224516,0.3319483626138952,4.375639269641208,UNC0638,OPN1MW
46239015,0.2615681357522321,2.763561643983921,SCH-900776,CHEK1
46239015,0.08060874177692826,0.5048814541893701,MK-8776,EIF4A1
46239015,0.18428210113352728,1.544343271638073,MK-8776,EIF5AP3
46843056,0.0434234322231923,0.2465148884304905,AFURESERTIB; AFURESERTIB HYDROCHLORIDE,AKT1
46843056,0.09857251167472138,0.6482428547616604,AFURESERTIB; AFURESERTIB HYDROCHLORIDE,AKT2
46843056,0.0860522798271229,0.546954909,AFURESERTIB; AFURESERTIB HYDROCHLORIDE,AKT3
46843056,0.06561182752292923,0.3947945205691315,AFURESERTIB,CSTF3
46843056,0.07207857916457783,0.4412409347537352,AFURESERTIB,CSTP1
46843056,0.0799769566437429,0.5000730593875666,AFURESERTIB,FKBP2
46883536,0.13050599853576417,0.9376369863516876,AVAGACESTAT,APH1A
46883536,0.13772098304882743,1.009762908,AVAGACESTAT,APH1B
46883536,0.11818835493286743,0.8204323630577265,AVAGACESTAT,FRA6B
46883536,0.08060874177692826,0.5048814541893701,AVAGACESTAT,GLUL
46883536,0.15497810154035677,1.193356164447602,AVAGACESTAT,NCSTN
46883536,0.13772098304882743,1.009762908,AVAGACESTAT,PSEN1
46883536,0.15497810154035677,1.193356164447602,AVAGACESTAT,PSEN2
46883536,0.14581815098131534,1.093909817410302,AVAGACESTAT,PSENEN
46907787,0.06603468942304638,0.3977853881492007,JQ1,ARID1A
46907787,0.0867856447574924,0.5527123287967842,(+)-JQ1; JQ1,BRD4
46907787,0.11041112690474805,0.7501095890813501,(+)-JQ1,BRDT
46907787,0.11681481381553815,0.8078103267029924,(+)-JQ1,DNER
46907787,0.043059924349634786,0.2442217266776488,(+)-JQ1,EFNA4
46907787,0.1036155332900575,0.6908904109959803,JQ1,FBXW7
46907787,0.14164909152106236,1.050153425,(+)-JQ1,GCLC
46907787,0.036754349937600676,0.2051080907644316,JQ1,KMT2A
46907787,0.05361331172599507,0.3125456621172291,JQ1,MYCN
46907787,0.07363549672505558,0.4526523382387456,JQ1,RB1
46926350,0.12403234904392293,0.8751278539282416,DINACICLIB,CCNE1
46926350,0.058169010204417566,0.3431873936973496,DINACICLIB,CDK1
46926350,0.05784120840197057,0.3409589041278863,DINACICLIB,CDK2
46926350,0.051464916383911985,0.2983390411119005,DINACICLIB,CDK5
46926350,0.09857251167472138,0.6482428547616604,DINACICLIB,CDK9
46926350,0.03430446030329887,0.1902451856365742,DINACICLIB,EML4
46926973,0.3319483626138952,4.375639269641208,WNT-974,HMBS
46926973,0.6524129857246507,26.25383561784724,WNT-974,PORCN
46943432,0.08392573878005812,0.5303805175322676,MOLIBRESIB,ARID1A
46943432,0.10153635888356013,0.6731752722524935,MOLIBRESIB,BRD2
46943432,0.11547370581425279,0.7955707762984013,MOLIBRESIB,BRD3
46943432,0.12882288145759396,0.9211872146613068,MOLIBRESIB,BRD4
46943432,0.09577994585147079,0.6250913242344582,MOLIBRESIB,BRDT
46943432,0.10153635888356013,0.6731752722524935,MOLIBRESIB,DNER
46943432,0.14581815098131534,1.093909817410302,MOLIBRESIB,EFNA3
46943432,0.06733690689207854,0.4070362111294147,MOLIBRESIB,EFNA4
49831044,0.0931439740372403,0.6035364509849942,AZD1332,DRD5P1
49831044,0.16002764716579326,1.250182648468916,AZD1332,DRD5P2
49831044,0.16002764716579326,1.250182648468916,AZD1332,DRG2
49846579,0.033467929209562174,0.1852122442176172,VENETOCLAX,FLT3
49846579,0.0799769566437429,0.5000730593875666,VENETOCLAX,GPR21
49846579,0.06869198371248256,0.4167275494896388,VENETOCLAX,GPR22
49846579,0.09577994585147079,0.6250913242344582,VENETOCLAX,IDH2
49846579,0.16002764716579326,1.250182648468916,VENETOCLAX,IGH
49846579,0.0799769566437429,0.5000730593875666,VENETOCLAX,KDM6A
49846579,0.1195955545896667,0.8334550989792776,VENETOCLAX,LPAR4
49846579,0.060217107941980645,0.3571950424196904,VENETOCLAX,MCHR1
49846579,0.10634025814188669,0.7143900848393808,VENETOCLAX,NPM1
49847690,0.19964507962245212,1.750255707856483,AZD5582,GNG10
49847690,0.19964507962245212,1.750255707856483,AZD5582,GNG11
49847690,0.2968706584847759,3.500511415712966,AZD5582,GNGT1
51000408,0.1426678867099026,1.060761035064535,VE-821,ARID1A
51000408,0.19964507962245212,1.750255707856483,VE-821,ATR
51000408,0.17751036848090793,1.458546423213736,VE-821,ATRX
51001932,0.06689711734659627,0.4039051633514962,TASELISIB,CCNE1
51001932,0.051594112529499046,0.2991890098899972,TASELISIB,PIK3CA
51039095,0.042880448099632165,0.2430910705356226,FEXAGRATINIB,AKT2
51039095,0.036754349937600676,0.2051080907644316,FEXAGRATINIB,AKT3
51039095,0.048093781975997243,0.2763561643983921,AZD-4547,DPH1
51039095,0.0439803764439462,0.2500365296937833,AZD-4547,DPYSL3
51039095,0.0439803764439462,0.2500365296937833,AZD-4547,DR1
51039095,0.1524524751811833,1.165474011072658,FEXAGRATINIB,FGFR1
51039095,0.20540368273748938,1.831662950082366,FEXAGRATINIB,FGFR2
51039095,0.11912266995958867,0.8290684931951763,FEXAGRATINIB,FGFR3
51039095,0.05045427408315103,0.2917092846427472,AZD-4547,SLC26A3
51042438,0.03500441735616204,0.1944728564284981,UPROSERTIB,AKT2
51042438,0.07894597379608435,0.4922594178346359,UPROSERTIB,AKT3
51042438,0.048093781975997243,0.2763561643983921,UPROSERTIB,CSTF3
51042438,0.05305949510863998,0.3088686543276147,UPROSERTIB,CSTP1
51042438,0.05917523324476527,0.3500511415712967,UPROSERTIB,FKBP2
51371303,0.20842091308222174,1.875273972703375,PF-4708671,CXADR
51371303,0.0378352422617752,0.2117244807890907,PF-4708671,NRAS
51371303,0.059865737926309975,0.3547815624033412,PF-4708671,RPS6KB1
52913813,0.04649890130091,0.2660861718025059,AZD-8186,PTEN
52918385,0.18788015190319732,1.591141552596803,EPRENETAPOPT,ARID1A
52918385,0.07512361169488661,0.4636438961209227,EPRENETAPOPT,TP53
53469448,0.44951222147306885,8.751278539282415,GSK2606414,CTTN
53469448,0.3319483626138952,4.375639269641208,GSK2606414,CYP2A13
53469448,0.7073860719620564,35.00511415712966,GSK2606414,EIF2AK3
54685215,0.2694615172131084,2.917092846427472,IOX2,CXCR3
54685215,0.06478227079267884,0.3889457128569962,IOX2,GFER
54685215,0.2694615172131084,2.917092846427472,IOX2,KDM5C
56645356,0.03854372326431764,0.2160809515872201,AGI-5198,FLT3
56645356,0.2694615172131084,2.917092846427472,AGI-5198,GPX1P2
56645356,0.051649681983876865,0.299554767,AGI-5198,IDH1
56649450,0.18082851584533255,1.500219178,ALPELISIB,PI4KA
56649450,0.04831981070586053,0.2778183663264258,ALPELISIB,PIK3CA
56649450,0.0799769566437429,0.5000730593875666,ALPELISIB,SGK1
56941241,0.10882320920058329,0.736088849,BRILANESTRANT,ESR1
56962336,0.36172358640383906,5.250767123569449,EPZ004777,GCNT1
56962336,0.0677825675738386,0.4102161815288632,EPZ004777,KMT2A
56962337,0.36172358640383906,5.250767123569449,SGC0946,GCNT1
56962337,0.11818835493286743,0.8204323630577265,SGC0946,KMT2A
57345410,0.16404868592743316,1.29648571,PINOMETOSTAT,DNMT3A
57345410,0.2968706584847759,3.500511415712966,PINOMETOSTAT,GCNT1
57345410,0.1916325635314668,1.640864726115453,PINOMETOSTAT,KMT2A
57519544,0.44951222147306885,8.751278539282415,WNT-C59,HMBS
58423153,0.038257167010375535,0.2143170254518143,AZD1208,F10
58423153,0.0867856447574924,0.5527123287967842,AZD1208,F11
58423153,0.048093781975997243,0.2763561643983921,AZD1208,F9
58423153,0.040516484677887474,0.2282942227638891,AZD1208,JAK2
58423153,0.0799769566437429,0.5000730593875666,AZD-1208,PIM1
58423153,0.22879185650090927,2.187819634820604,AZD-1208; AZD1208,PIM2
58423153,0.13965629390096768,1.029562181092048,AZD-1208,PIM3
59472121,0.08392573878005812,0.5303805175322676,BERZOSERTIB,ARID1A
59472121,0.04235090371542409,0.2397610558707511,BERZOSERTIB,ATM
59472121,0.13401280907233146,0.9723642821424908,BERZOSERTIB,ATR
59472121,0.09857251167472139,0.6482428547616605,BERZOSERTIB,EEF1B2P2
59473233,0.1654369206621661,1.312691780892362,ENTOSPLETINIB,CBL
59473233,0.0995406513479374,0.6563458904461812,ENTOSPLETINIB,FDX1
59473233,0.05534673258472669,0.3241214273808302,ENTOSPLETINIB,FLT3
59473233,0.11041112689557173,0.750109589,ENTOSPLETINIB,SYK
60167849,0.522690170003427,13.12691780892362,ML323,FRA9D
68289010,0.05305949510863998,0.3088686543276147,SAVOLITINIB,DRD4
68289010,0.16002764716579326,1.250182648468916,SAVOLITINIB,MET
68947304,0.03476794482304529,0.1930429089547591,AMG319,F7R
68947304,0.1195955545896667,0.8334550989792777,AMG-319,PIK3CD
70983932,0.522690170003427,13.12691780892362,GSK2830371,HLA-F
71268957,0.17751036848090793,1.458546423213736,GSK343,EZH2
71268957,0.3075445944783622,3.750547945,GSK343,GPR12
71271629,0.15746029772525655,1.221108633388244,PFI-1,EFNA4
71496458,0.048662879500156325,0.2800409132570373,OSIMERTINIB,KEAP1
71496458,0.04133017935933937,0.2333674277141977,OSIMERTINIB,STAT3
71522234,0.36172358640383906,5.250767123569449,GSK-LSD1,GEM
72200024,0.3993554171521533,6.563458904461812,WZ4003,EWSR1
72200024,0.3075445944783622,3.750547945,WZ4003,NUAK1
72201027,0.36172358640383906,5.250767123569449,SGC-CBP30,GLG1
72201027,0.17751036848090793,1.458546423213736,SGC-CBP30,GLI1
73010930,0.522690170003427,13.12691780892362,GSK2801,GLC#
73010930,0.3993554171521533,6.563458904461812,GSK2801,GLC1B
76285486,0.3993554171521533,6.563458904461812,A-366,GCNT2
76285486,0.3319483626138952,4.375639269641208,A-366,OPN1MW
78209992,0.11818835493286743,0.8204323630577265,ZORIFERTINIB,BAD
78209992,0.0439803764439462,0.2500365296937833,ZORIFERTINIB,DXO
78209992,0.04831981070586054,0.2778183663264259,AZD-3759,EGFR
78243717,0.522690170003427,13.12691780892362,PFI-3,GLI4
91668541,0.3993554171521533,6.563458904461812,I-BRD9,GLC3B
117072552,0.37933940958475837,5.834185692854944,GSK591,PRMT5
131634760,0.05361331172599507,0.3125456621172291,AZD5991,ADAMTSL4-AS1
131634760,0.24725596964044733,2.500365296937833,AZD5991,MCHR1
131634760,0.059865737926309975,0.3547815624033412,AZD5991,PTEN
135398516,0.17751036848090793,1.458546423213736,OSI-027,AKT1S1
135398516,0.21313291241961335,1.944728564284981,OSI-027,DEPTOR
135398516,0.21313291241961335,1.944728564284981,OSI-027,MAPKAP1
135398516,0.17751036848090793,1.458546423213736,OSI-027,MLST8
135398516,0.3075445944783622,3.750547945,OSI-027,RICTOR
135398516,0.1916325635314668,1.640864726115453,OSI-027,RPTOR
135398738,0.10468811140373023,0.7001022831425934,DACARBAZINE,ADK
135398738,0.04133017935933937,0.2333674277141977,DACARBAZINE,CYP1A1
135398738,0.2968706584847759,3.500511415712966,DACARBAZINE,EPM2AIP1
135398738,0.046994730987246144,0.2692701089009974,DACARBAZINE,FN1
135398738,0.05238317981890197,0.3043922970185188,DACARBAZINE,GSTM1
135398738,0.03790491488495939,0.212152207,DACARBAZINE,MGMT
135398738,0.13677408499224789,1.000146118775133,DACARBAZINE,POLA2
135440466,0.1654369206621661,1.312691780892362,BMS-536924,COX6A1
135440466,0.14581815098131534,1.093909817410302,BMS-536924,DPEP1
135440466,0.1036155332900575,0.6908904109959803,BMS-536924,DPH1
135440466,0.043607502707887706,0.2476776945079929,BMS-536924,IGF1R
135539077,0.03303824927635815,0.1826353782111113,LUMINESPIB,ALK
135539077,0.5759576393742879,17.50255707856483,LUMINESPIB,ARHGAP35
135539077,0.0741696849866185,0.4565884455277783,LUMINESPIB,EML4
135539077,0.44951222147306885,8.751278539282415,LUMINESPIB,GRINA
135539077,0.0776944707833534,0.4828291607879953,AUY922; LUMINESPIB,HSP90AA1
135539077,0.4104581046106801,7.001022831425932,AUY922,HSP90AA2P
135539077,0.11163360713476791,0.760980743,AUY922; LUMINESPIB,HSP90AB1
135539077,0.040516484677887474,0.2282942227638891,LUMINESPIB,JAK2
135564599,0.04786986500795888,0.2749092734853114,SB590885,BRAF
135564599,0.10153635888356013,0.6731752722524935,SB590885,EFNA2
135564599,0.12403234904392293,0.8751278539282416,SB590885,FAH
135564749,0.05564664948906877,0.326134604,APABETALONE,APOA1
135564749,0.08985062614475198,0.577007376,APABETALONE,BRD2
135564749,0.10256518185835882,0.6819178082557726,APABETALONE,BRD3
135564749,0.11481494783515704,0.789589041,APABETALONE,BRD4
135564749,0.08462264138269229,0.5357925636295356,APABETALONE,BRDT
135564749,0.0758203205845021,0.4688184931758437,APABETALONE,EFNA3
135565082,0.03206066800003334,0.1767935058440892,TALAZOPARIB,ARID1A
135565082,0.03500441735616204,0.1944728564284981,TALAZOPARIB,ATR
135565082,0.04059640711733708,0.2287915957982331,TALAZOPARIB,BRCA2
135565082,0.04543747883457952,0.2592971419046642,TALAZOPARIB,CDK12
135565082,0.03500441735616204,0.1944728564284981,TALAZOPARIB,GNAI2P1
135565082,0.04543747883457952,0.2592971419046642,TALAZOPARIB,MLH1
135565082,0.07814035915689153,0.4861821410712453,TALAZOPARIB,PALB2
135565082,0.041330179359339386,0.2333674277141978,TALAZOPARIB,PARP1
135565082,0.05534673258472669,0.3241214273808302,TALAZOPARIB,PARP2
135565082,0.04831981070586054,0.2778183663264259,TALAZOPARIB,PSMD4
135565082,0.09857251167472138,0.6482428547616604,TALAZOPARIB,SLFN11
135565082,0.05534673258472669,0.3241214273808302,TALAZOPARIB,TET2
135905416,0.3993554171521533,6.563458904461812,AZ6102,HLA-DMA
136240579,0.06478227079267884,0.3889457128569962,RO3306,EGR4
136240579,0.05719662724417088,0.3365876361262467,RO3306,EIF4A1
136240579,0.0931439740372403,0.6035364509849942,RO3306,EIF4E
