Name,CCLE_ID,depMapID,GDSC_CELL_LINE_NAME
22Rv1,22RV1_PROSTATE,ACH-000956,22RV1
23132/87,2313287_STOMACH,ACH-000948,23132-87
42-MG-BA,42MGBA_CENTRAL_NERVOUS_SYSTEM,ACH-000323,42-MG-BA
5637,5637_URINARY_TRACT,ACH-000905,5637
639-V,639V_URINARY_TRACT,ACH-000973,639-V
647-V,647V_URINARY_TRACT,ACH-000896,647-V
697,697_HAEMATOPOIETIC_AND_LYMPHOID_TISSUE,ACH-000070,697
769-P,769P_KIDNEY,ACH-000411,769-P
8-MG-BA,8MGBA_CENTRAL_NERVOUS_SYSTEM,ACH-000137,8-MG-BA
8305C,8305C_THYROID,ACH-001306,8305C
8505C,8505C_THYROID,ACH-001307,8505C
A-204,A204_SOFT_TISSUE,ACH-000201,A204
A-253,A253_SALIVARY_GLAND,ACH-000740,A253
A-375,A375_SKIN,ACH-000219,A375
A-673,A673_BONE,ACH-000052,A673
A-704,A704_KIDNEY,ACH-000429,A704
A101D,A101D_SKIN,ACH-000008,A101D
A2058,A2058_SKIN,ACH-000788,A2058
A2780,A2780_OVARY,ACH-000657,A2780
A549,A549_LUNG,ACH-000681,A549
ABC-1,ABC1_LUNG,ACH-000528,ABC-1
ACHN,ACHN_KIDNEY,ACH-000046,ACHN
AGS,AGS_STOMACH,ACH-000880,AGS
AMO-1,AMO1_HAEMATOPOIETIC_AND_LYMPHOID_TISSUE,ACH-000838,AMO-1
AU565,AU565_BREAST,ACH-000248,AU565
AsPC-1,ASPC1_PANCREAS,ACH-000222,AsPC-1
B-CPAP,BCPAP_THYROID,ACH-000456,B-CPAP
BC-3C,BC3C_URINARY_TRACT,ACH-000593,BC-3
BFTC-905,BFTC905_URINARY_TRACT,ACH-000802,BFTC-905
BFTC-909,BFTC909_KIDNEY,ACH-000792,BFTC-909
BHT-101,BHT101_THYROID,ACH-000191,BHT-101
BHY,BHY_UPPER_AERODIGESTIVE_TRACT,ACH-000548,BHY
BICR 31,BICR31_UPPER_AERODIGESTIVE_TRACT,ACH-000228,BICR31
BT-20,BT20_BREAST,ACH-000536,BT-20
BT-474,BT474_BREAST,ACH-000927,BT-474
BT-483,BT483_BREAST,ACH-000818,BT-483
BT-549,BT549_BREAST,ACH-000288,BT-549
BxPC-3,BXPC3_PANCREAS,ACH-000535,BxPC-3
C2BBe1,C2BBE1_LARGE_INTESTINE,ACH-000009,C2BBe1
C32,C32_SKIN,ACH-000580,C32
CA46,CA46_HAEMATOPOIETIC_AND_LYMPHOID_TISSUE,ACH-000440,CA46
CADO-ES1,CADOES1_BONE,ACH-000210,CADO-ES1
CAL 27,CAL27_UPPER_AERODIGESTIVE_TRACT,ACH-000832,CAL-27
CAL-120,CAL120_BREAST,ACH-000212,CAL-120
CAL-12T,CAL12T_LUNG,ACH-000826,CAL-12T
CAL-29,CAL29_URINARY_TRACT,ACH-000142,CAL-29
CAL-51,CAL51_BREAST,ACH-000856,CAL-51
CAL-54,CAL54_KIDNEY,ACH-000457,CAL-54
CAL-62,CAL62_THYROID,ACH-000174,CAL-62
CAL-85-1,CAL851_BREAST,ACH-000857,CAL-85-1
CAMA-1,CAMA1_BREAST,ACH-000783,CAMA-1
CAS-1,CAS1_CENTRAL_NERVOUS_SYSTEM,ACH-000464,CAS-1
CCK-81,CCK81_LARGE_INTESTINE,ACH-000963,CCK-81
CHP-212,CHP212_AUTONOMIC_GANGLIA,ACH-000120,CHP-212
CL-11,CL11_LARGE_INTESTINE,ACH-000249,CL-11
COLO 668,COLO668_LUNG,ACH-000803,COLO-668
COLO 792,COLO792_SKIN,ACH-000968,COLO-792
COLO 829,COLO829_SKIN,ACH-000644,COLO-829
COLO-320,COLO320_LARGE_INTESTINE,ACH-000202,COLO-320-HSR
COLO-678,COLO678_LARGE_INTESTINE,ACH-000350,COLO-678
COLO-679,COLO679_SKIN,ACH-000805,COLO-679
COLO-800,COLO800_SKIN,ACH-000401,COLO-800
COR-L23,CORL23_LUNG,ACH-000662,COR-L23
COR-L279,CORL279_LUNG,ACH-000257,COR-L279
COR-L311,CORL311_LUNG,ACH-000187,COR-L311
COR-L88,CORL88_LUNG,ACH-000508,COR-L88
Caki-1,CAKI1_KIDNEY,ACH-000433,CAKI-1
Calu-6,CALU6_LUNG,ACH-000264,Calu-6
Caov-3,CAOV3_OVARY,ACH-000713,Caov-3
ChaGo-K-1,CHAGOK1_LUNG,ACH-000867,ChaGo-K-1
DAN-G,DANG_PANCREAS,ACH-000243,DAN-G
DB,DB_HAEMATOPOIETIC_AND_LYMPHOID_TISSUE,ACH-000334,DB
DK-MG,DKMG_CENTRAL_NERVOUS_SYSTEM,ACH-000244,DK-MG
DMS 114,DMS114_LUNG,ACH-000530,DMS-114
DMS 273,DMS273_LUNG,ACH-000749,DMS-273
DMS 53,DMS53_LUNG,ACH-000698,DMS-53
DMS 79,DMS79_LUNG,ACH-000703,DMS-79
DND-41,DND41_HAEMATOPOIETIC_AND_LYMPHOID_TISSUE,ACH-000981,DND-41
DU 145,DU145_PROSTATE,ACH-000979,DU-145
DU4475,DU4475_BREAST,ACH-000258,DU-4475
Daoy,DAOY_CENTRAL_NERVOUS_SYSTEM,ACH-000211,Daoy
Detroit 562,DETROIT562_UPPER_AERODIGESTIVE_TRACT,ACH-000207,Detroit562
EFM-19,EFM19_BREAST,ACH-000330,EFM-19
EFM-192A,EFM192A_BREAST,ACH-000117,EFM-192A
EFO-21,EFO21_OVARY,ACH-000308,EFO-21
EFO-27,EFO27_OVARY,ACH-000936,EFO-27
EKVX,EKVX_LUNG,ACH-000706,EKVX
EM-2,EM2_HAEMATOPOIETIC_AND_LYMPHOID_TISSUE,ACH-000295,EM-2
EN,EN_ENDOMETRIUM,ACH-000978,GI-ME-N
EOL-1,EOL1_HAEMATOPOIETIC_AND_LYMPHOID_TISSUE,ACH-000198,EoL-1-cell
EPLC-272H,EPLC272H_LUNG,ACH-000585,EPLC-272H
ES-2,ES2_OVARY,ACH-000906,ES-2
ESS-1,ESS1_ENDOMETRIUM,ACH-000913,ESS-1
FTC-133,FTC133_THYROID,ACH-000903,FTC-133
FU-OV-1,FUOV1_OVARY,ACH-000574,FU-OV-1
FU97,FU97_STOMACH,ACH-000633,FU97
FaDu,FADU_UPPER_AERODIGESTIVE_TRACT,ACH-000846,FADU
"G-292, clone A141B1",G292CLONEA141B1_BONE,ACH-000082,G-292-Clone-A141B1
G-361,G361_SKIN,ACH-000572,G-361
G-401,G401_SOFT_TISSUE,ACH-000096,G-401
G-402,G402_SOFT_TISSUE,ACH-000375,G-402
GAMG,GAMG_CENTRAL_NERVOUS_SYSTEM,ACH-000098,GAMG
GB-1,GB1_CENTRAL_NERVOUS_SYSTEM,ACH-000738,GB-1
GCT,GCT_SOFT_TISSUE,ACH-000835,GCT
GI-1,GI1_CENTRAL_NERVOUS_SYSTEM,ACH-000756,GI-1
H4,H4_CENTRAL_NERVOUS_SYSTEM,ACH-000389,H4
HARA,HARA_LUNG,ACH-000843,HARA
HCC-15,HCC15_LUNG,ACH-000878,HCC-15
HCC-33,HCC33_LUNG,ACH-000515,HCC-33
HCC-366,HCC366_LUNG,ACH-000840,HCC-366
HCC-44,HCC44_LUNG,ACH-000667,HCC-44
HCC1143,HCC1143_BREAST,ACH-000374,HCC1143
HCC1187,HCC1187_BREAST,ACH-000111,HCC1187
HCC1395,HCC1395_BREAST,ACH-000699,HCC1395
HCC1419,HCC1419_BREAST,ACH-000277,HCC1419
HCC1428,HCC1428_BREAST,ACH-000352,HCC1428
HCC1500,HCC1500_BREAST,ACH-000349,HCC1500
HCC1569,HCC1569_BREAST,ACH-000930,HCC1569
HCC1599,HCC1599_BREAST,ACH-000196,HCC1599
HCC1806,HCC1806_BREAST,ACH-000624,HCC1806
HCC1937,HCC1937_BREAST,ACH-000223,HCC1937
HCC1954,HCC1954_BREAST,ACH-000859,HCC1954
HCC202,HCC202_BREAST,ACH-000725,HCC202
HCC2157,HCC2157_BREAST,ACH-000691,HCC2157
HCC70,HCC70_BREAST,ACH-000668,HCC70
HCC827,HCC827_LUNG,ACH-000012,HCC-827
HCT 116,HCT116_LARGE_INTESTINE,ACH-000971,HCT-116
HCT-15,HCT15_LARGE_INTESTINE,ACH-000997,HCT-15
HDQ-P1,HDQP1_BREAST,ACH-000643,HDQ-P1
HEL,HEL_HAEMATOPOIETIC_AND_LYMPHOID_TISSUE,ACH-000004,HEL
HGC-27,HGC27_STOMACH,ACH-000847,HGC-27
HH,HH_HAEMATOPOIETIC_AND_LYMPHOID_TISSUE,ACH-000061,HH
HOP-62,HOP62_LUNG,ACH-000861,HOP-62
HPAC,HPAC_PANCREAS,ACH-000270,HPAC
HSC-3,HSC3_UPPER_AERODIGESTIVE_TRACT,ACH-000778,HSC-3
HT,HT_HAEMATOPOIETIC_AND_LYMPHOID_TISSUE,ACH-000914,HT
HT-1080,HT1080_SOFT_TISSUE,ACH-000054,HT-1080
HT-1197,HT1197_URINARY_TRACT,ACH-000547,HT-1197
HT-144,HT144_SKIN,ACH-000322,HT-144
HT115,HT115_LARGE_INTESTINE,ACH-000986,HT-115
HUP-T3,HUPT3_PANCREAS,ACH-000118,HuP-T3
Hs 578T,HS578T_BREAST,ACH-000148,Hs-578-T
Hs 746T,HS746T_STOMACH,ACH-000616,Hs-746T
Hs 939.T,HS939T_SKIN,ACH-000814,Hs-939-T
HuCCT1,HUCCT1_BILIARY_TRACT,ACH-000976,HuCCT1
HuH-7,HUH7_LIVER,ACH-000480,HuH-7
IGR-1,IGR1_SKIN,ACH-000882,IGR-1
IGROV1,IGROV1_OVARY,ACH-000966,IGROV-1
IPC-298,IPC298_SKIN,ACH-000915,IPC-298
JHH-4,JHH4_LIVER,ACH-000476,JHH-4
JHOS-2,JHOS2_OVARY,ACH-000132,JHOS-2
JM1,JM1_HAEMATOPOIETIC_AND_LYMPHOID_TISSUE,ACH-000151,JM1
JURKAT,JURKAT_HAEMATOPOIETIC_AND_LYMPHOID_TISSUE,ACH-000995,Jurkat
JURL-MK1,JURLMK1_HAEMATOPOIETIC_AND_LYMPHOID_TISSUE,ACH-000326,JURL-MK1
K-562,K562_HAEMATOPOIETIC_AND_LYMPHOID_TISSUE,ACH-000551,K-562
KALS-1,KALS1_CENTRAL_NERVOUS_SYSTEM,ACH-000231,KALS-1
KARPAS-422,KARPAS422_HAEMATOPOIETIC_AND_LYMPHOID_TISSUE,ACH-000315,KARPAS-422
KATO III,KATOIII_STOMACH,ACH-000793,KATOIII
KCL-22,KCL22_HAEMATOPOIETIC_AND_LYMPHOID_TISSUE,ACH-000983,KCL-22
KM12,KM12_LARGE_INTESTINE,ACH-000969,KM12
KMRC-1,KMRC1_KIDNEY,ACH-000684,KMRC-1
KMRC-20,KMRC20_KIDNEY,ACH-000250,KMRC-20
KMS-11,KMS11_HAEMATOPOIETIC_AND_LYMPHOID_TISSUE,ACH-000714,KMS-11
KNS-62,KNS62_LUNG,ACH-000858,KNS-62
KNS-81,KNS81_CENTRAL_NERVOUS_SYSTEM,ACH-000479,KNS-81-FD
KOPN-8,KOPN8_HAEMATOPOIETIC_AND_LYMPHOID_TISSUE,ACH-001106,KOPN-8
KP-N-RT-BM-1,KPNRTBM1_AUTONOMIC_GANGLIA,ACH-000345,KP-N-RT-BM-1
KP-N-YN,KPNYN_AUTONOMIC_GANGLIA,ACH-000227,KP-N-YN
KU-19-19,KU1919_URINARY_TRACT,ACH-000486,KU-19-19
KU812,KU812_HAEMATOPOIETIC_AND_LYMPHOID_TISSUE,ACH-000074,KU812
KYM-1,KYM1_SOFT_TISSUE,ACH-000607,KYM-1
KYSE-150,KYSE150_OESOPHAGUS,ACH-000855,KYSE-150
KYSE-180,KYSE180_OESOPHAGUS,ACH-000693,KYSE-180
KYSE-520,KYSE520_OESOPHAGUS,ACH-000637,KYSE-520
KYSE-70,KYSE70_OESOPHAGUS,ACH-000784,KYSE-70
L-363,L363_HAEMATOPOIETIC_AND_LYMPHOID_TISSUE,ACH-000183,L-363
L-428,L428_HAEMATOPOIETIC_AND_LYMPHOID_TISSUE,ACH-000754,L-428
LAMA-84,LAMA84_HAEMATOPOIETIC_AND_LYMPHOID_TISSUE,ACH-000301,LAMA-84
LCLC-103H,LCLC103H_LUNG,ACH-000627,LCLC-103H
LCLC-97TM1,LCLC97TM1_LUNG,ACH-000596,LCLC-97TM1
LN-229,LN229_CENTRAL_NERVOUS_SYSTEM,ACH-000595,LN-229
LOX IMVI,LOXIMVI_SKIN,ACH-000750,LOXIMVI
LP-1,LP1_HAEMATOPOIETIC_AND_LYMPHOID_TISSUE,ACH-000204,LP-1
LS 180,LS180_LARGE_INTESTINE,ACH-000957,LS-180
LS411N,LS411N_LARGE_INTESTINE,ACH-000985,LS-411N
LS513,LS513_LARGE_INTESTINE,ACH-000007,LS-513
LU65,LU65_LUNG,ACH-000438,LU-65
LU99,LU99_LUNG,ACH-000444,LU-99A
LoVo,LOVO_LARGE_INTESTINE,ACH-000950,LoVo
Loucy,LOUCY_HAEMATOPOIETIC_AND_LYMPHOID_TISSUE,ACH-000104,LOUCY
MCF7,MCF7_BREAST,ACH-000019,MCF7
MDA-MB-157,MDAMB157_BREAST,ACH-000621,MDA-MB-157
MDA-MB-175-VII,MDAMB175VII_BREAST,ACH-000759,MDA-MB-175-VII
MDA-MB-231,MDAMB231_BREAST,ACH-000768,MDA-MB-231
MDA-MB-361,MDAMB361_BREAST,ACH-000934,MDA-MB-361
MDA-MB-436,MDAMB436_BREAST,ACH-000573,MDA-MB-436
MDA-MB-453,MDAMB453_BREAST,ACH-000910,MDA-MB-453
MDA-MB-468,MDAMB468_BREAST,ACH-000849,MDA-MB-468
MDST8,MDST8_LARGE_INTESTINE,ACH-000935,MDST8
ME-1,ME1_HAEMATOPOIETIC_AND_LYMPHOID_TISSUE,ACH-000439,ME-1
MEL-HO,MELHO_SKIN,ACH-000450,MEL-HO
MEL-JUSO,MELJUSO_SKIN,ACH-000881,MEL-JUSO
MFE-296,MFE296_ENDOMETRIUM,ACH-000879,MFE-296
MG-63,MG63_BONE,ACH-000359,MG-63
MHH-NB-11,MHHNB11_AUTONOMIC_GANGLIA,ACH-000078,MHH-NB-11
MKN-45,MKN45_STOMACH,ACH-000356,MKN45
MKN1,MKN1_STOMACH,ACH-000351,MKN1
MKN7,MKN7_STOMACH,ACH-000678,MKN7
MM1-S,MM1S_HAEMATOPOIETIC_AND_LYMPHOID_TISSUE,ACH-000763,MM1S
MOLM-13,MOLM13_HAEMATOPOIETIC_AND_LYMPHOID_TISSUE,ACH-000362,MOLM-13
MSTO-211H,MSTO211H_PLEURA,ACH-000335,MSTO-211H
NALM-6,NALM6_HAEMATOPOIETIC_AND_LYMPHOID_TISSUE,ACH-000938,NALM-6
NAMALWA,NAMALWA_HAEMATOPOIETIC_AND_LYMPHOID_TISSUE,ACH-000944,NAMALWA
NB-1,NB1_AUTONOMIC_GANGLIA,ACH-000804,NB10
NCI-H1048,NCIH1048_LUNG,ACH-000866,NCI-H1048
NCI-H1092,NCIH1092_LUNG,ACH-000514,NCI-H1092
NCI-H1105,NCIH1105_LUNG,ACH-000780,NCI-H1105
NCI-H1341,NCIH1341_LUNG,ACH-000129,NCI-H1341
NCI-H1435,NCIH1435_LUNG,ACH-000852,NCI-H1435
NCI-H1436,NCIH1436_LUNG,ACH-000830,NCI-H1436
NCI-H1437,NCIH1437_LUNG,ACH-000589,NCI-H1437
NCI-H146,NCIH146_LUNG,ACH-000506,NCI-H146
NCI-H1568,NCIH1568_LUNG,ACH-000869,NCI-H1568
NCI-H1648,NCIH1648_LUNG,ACH-000766,NCI-H1648
NCI-H1650,NCIH1650_LUNG,ACH-000035,NCI-H1650
NCI-H1792,NCIH1792_LUNG,ACH-000496,NCI-H1792
NCI-H1793,NCIH1793_LUNG,ACH-000888,NCI-H1793
NCI-H1836,NCIH1836_LUNG,ACH-000559,NCI-H1836
NCI-H1876,NCIH1876_LUNG,ACH-000586,NCI-H1876
NCI-H196,NCIH196_LUNG,ACH-000752,NCI-H196
NCI-H1963,NCIH1963_LUNG,ACH-000729,NCI-H1963
NCI-H1975,NCIH1975_LUNG,ACH-000587,NCI-H1975
NCI-H2023,NCIH2023_LUNG,ACH-000781,NCI-H2023
NCI-H2029,NCIH2029_LUNG,ACH-000298,NCI-H2029
NCI-H2030,NCIH2030_LUNG,ACH-000521,NCI-H2030
NCI-H2052,NCIH2052_PLEURA,ACH-000153,NCI-H2052
NCI-H2081,NCIH2081_LUNG,ACH-000394,NCI-H2081
NCI-H2087,NCIH2087_LUNG,ACH-000841,NCI-H2087
NCI-H209,NCIH209_LUNG,ACH-000290,NCI-H209
NCI-H211,NCIH211_LUNG,ACH-000639,NCI-H211
NCI-H2110,NCIH2110_LUNG,ACH-000929,NCI-H2110
NCI-H2122,NCIH2122_LUNG,ACH-000311,NCI-H2122
NCI-H2170,NCIH2170_LUNG,ACH-000481,NCI-H2170
NCI-H2171,NCIH2171_LUNG,ACH-000525,NCI-H2171
NCI-H2172,NCIH2172_LUNG,ACH-000924,NCI-H2172
NCI-H2196,NCIH2196_LUNG,ACH-000399,NCI-H2196
NCI-H2227,NCIH2227_LUNG,ACH-000610,NCI-H2227
NCI-H2228,NCIH2228_LUNG,ACH-000447,NCI-H2228
NCI-H2291,NCIH2291_LUNG,ACH-000718,NCI-H2291
NCI-H23,NCIH23_LUNG,ACH-000900,NCI-H23
NCI-H2452,NCIH2452_PLEURA,ACH-000092,NCI-H2452
NCI-H28,NCIH28_PLEURA,ACH-000648,NCI-H28
NCI-H292,NCIH292_LUNG,ACH-001075,NCI-H292
NCI-H322,NCIH322_LUNG,ACH-000837,NCI-H322M
NCI-H446,NCIH446_LUNG,ACH-000800,NCI-H446
NCI-H460,NCIH460_LUNG,ACH-000463,NCI-H460
NCI-H508,NCIH508_LARGE_INTESTINE,ACH-000360,NCI-H508
NCI-H510,NCIH510_LUNG,ACH-000871,NCI-H510A
NCI-H522,NCIH522_LUNG,ACH-000343,NCI-H522
NCI-H524,NCIH524_LUNG,ACH-000816,NCI-H524
NCI-H526,NCIH526_LUNG,ACH-000767,NCI-H526
NCI-H596,NCIH596_LUNG,ACH-000628,NCI-H596
NCI-H647,NCIH647_LUNG,ACH-000378,NCI-H647
NCI-H650,NCIH650_LUNG,ACH-000945,NCI-H650
NCI-H661,NCIH661_LUNG,ACH-000853,NCI-H661
NCI-H69,NCIH69_LUNG,ACH-000358,NCI-H69
NCI-H747,NCIH747_LARGE_INTESTINE,ACH-000403,NCI-H747
NCI-H82,NCIH82_LUNG,ACH-000355,NCI-H82
NCI-H838,NCIH838_LUNG,ACH-000416,NCI-H838
NCI-H841,NCIH841_LUNG,ACH-000292,NCI-H841
NCI-H929,NCIH929_HAEMATOPOIETIC_AND_LYMPHOID_TISSUE,ACH-000050,NCI-H929
NCI-N87,NCIN87_STOMACH,ACH-000427,NCI-N87
NIH:OVCAR-3,NIHOVCAR3_OVARY,ACH-000001,OVCAR-3
NMC-G1,NMCG1_CENTRAL_NERVOUS_SYSTEM,ACH-000200,NMC-G1
NOMO-1,NOMO1_HAEMATOPOIETIC_AND_LYMPHOID_TISSUE,ACH-000168,NOMO-1
NUGC-3,NUGC3_STOMACH,ACH-000911,NUGC-3
NUGC-4,NUGC4_STOMACH,ACH-000674,NUGC-4
OAW28,OAW28_OVARY,ACH-000116,OAW-28
OAW42,OAW42_OVARY,ACH-000704,OAW-42
OCI-AML2,OCIAML2_HAEMATOPOIETIC_AND_LYMPHOID_TISSUE,ACH-000113,OCI-AML2
OCI-AML3,OCIAML3_HAEMATOPOIETIC_AND_LYMPHOID_TISSUE,ACH-000336,OCI-AML3
OCUM-1,OCUM1_STOMACH,ACH-000247,OCUM-1
OE19,OE19_OESOPHAGUS,ACH-000679,OE19
OE21,OE21_OESOPHAGUS,ACH-000544,OE21
OE33,OE33_OESOPHAGUS,ACH-000383,OE33
ONS-76,ONS76_CENTRAL_NERVOUS_SYSTEM,ACH-000776,ONS-76
OPM-2,OPM2_HAEMATOPOIETIC_AND_LYMPHOID_TISSUE,ACH-000024,OPM-2
OS-RC-2,OSRC2_KIDNEY,ACH-000159,SR
OV-90,OV90_OVARY,ACH-000291,OV-90
OV56,OV56_OVARY,ACH-000091,OV-56
OV7,OV7_OVARY,ACH-000688,OV-7
OVCAR-4,OVCAR4_OVARY,ACH-000617,OVCAR-4
OVCAR-8,OVCAR8_OVARY,ACH-000696,OVCAR-8
OVISE,OVISE_OVARY,ACH-000527,OVISE
OVK18,OVK18_OVARY,ACH-000947,OVK-18
OVTOKO,OVTOKO_OVARY,ACH-000663,OVTOKO
P12-ICHIKAWA,P12ICHIKAWA_HAEMATOPOIETIC_AND_LYMPHOID_TISSUE,ACH-000372,P12-ICHIKAWA
PA-TU-8902,PATU8902_PANCREAS,ACH-000599,PA-TU-8902
PA-TU-8988T,PATU8988T_PANCREAS,ACH-000023,PA-TU-8988T
PC-3,PC3_PROSTATE,ACH-000090,PC-3
PF-382,PF382_HAEMATOPOIETIC_AND_LYMPHOID_TISSUE,ACH-000937,PF-382
PSN1,PSN1_PANCREAS,ACH-000320,PSN1
Panc 02.03,PANC0203_PANCREAS,ACH-000042,PANC-02-03
Panc 03.27,PANC0327_PANCREAS,ACH-000139,PANC-03-27
Panc 04.03,PANC0403_PANCREAS,ACH-000235,PANC-04-03
Panc 08.13,PANC0813_PANCREAS,ACH-000417,PANC-08-13
Panc 10.05,PANC1005_PANCREAS,ACH-000060,PANC-10-05
QGP-1,QGP1_PANCREAS,ACH-000347,QGP-1
RCC10RGB,RCC10RGB_KIDNEY,ACH-000189,RCC10RGB
RCH-ACV,RCHACV_HAEMATOPOIETIC_AND_LYMPHOID_TISSUE,ACH-000922,RCH-ACV
RD,RD_SOFT_TISSUE,ACH-000169,RD
RERF-GC-1B,RERFGC1B_STOMACH,ACH-000144,RERF-GC-1B
RERF-LC-MS,RERFLCMS_LUNG,ACH-000062,RERF-LC-MS
RKN,RKN_SOFT_TISSUE,ACH-000505,RKN
RKO,RKO_LARGE_INTESTINE,ACH-000943,RKO
RL,RL_HAEMATOPOIETIC_AND_LYMPHOID_TISSUE,ACH-000371,RL
RL95-2,RL952_ENDOMETRIUM,ACH-000965,RL95-2
RMG-I,RMGI_OVARY,ACH-000719,RMG-I
RPMI 8226,RPMI8226_HAEMATOPOIETIC_AND_LYMPHOID_TISSUE,ACH-000817,RPMI-8226
RPMI-7951,RPMI7951_SKIN,ACH-000348,RPMI-7951
RT-112,RT112_URINARY_TRACT,ACH-000473,RT-112
RVH-421,RVH421_SKIN,ACH-000614,RVH-421
Raji,RAJI_HAEMATOPOIETIC_AND_LYMPHOID_TISSUE,ACH-000654,Raji
Reh,REH_HAEMATOPOIETIC_AND_LYMPHOID_TISSUE,ACH-000960,REH
SBC-5,SBC5_LUNG,ACH-000670,SBC-5
SCC-25,SCC25_UPPER_AERODIGESTIVE_TRACT,ACH-000188,SCC-25
SCC-4,SCC4_UPPER_AERODIGESTIVE_TRACT,ACH-000238,SCC-4
SF-295,SF295_CENTRAL_NERVOUS_SYSTEM,ACH-000376,SF295
SF268,SF268_CENTRAL_NERVOUS_SYSTEM,ACH-000655,SF268
SF539,SF539_CENTRAL_NERVOUS_SYSTEM,ACH-000273,SF539
SH-4,SH4_SKIN,ACH-000441,SH-4
SHP-77,SHP77_LUNG,ACH-000790,SHP-77
SIMA,SIMA_AUTONOMIC_GANGLIA,ACH-000099,SIMA
SJSA-1,SJSA1_BONE,ACH-000748,SJSA-1
SK-CO-1,SKCO1_LARGE_INTESTINE,ACH-000400,SK-CO-1
SK-ES-1,SKES1_BONE,ACH-000087,SK-ES-1
SK-HEP-1,SKHEP1_LIVER,ACH-000361,SK-HEP-1
SK-MEL-2,SKMEL2_SKIN,ACH-001190,SK-MEL-2
SK-MEL-24,SKMEL24_SKIN,ACH-000822,SK-MEL-24
SK-MEL-30,SKMEL30_SKIN,ACH-000810,SK-MEL-30
SK-MEL-5,SKMEL5_SKIN,ACH-000730,SK-MEL-5
SK-MES-1,SKMES1_LUNG,ACH-000665,SK-MES-1
SK-MM-2,SKMM2_HAEMATOPOIETIC_AND_LYMPHOID_TISSUE,ACH-000363,SK-MM-2
SK-N-AS,SKNAS_AUTONOMIC_GANGLIA,ACH-000260,SK-N-AS
SK-N-DZ,SKNDZ_AUTONOMIC_GANGLIA,ACH-000366,SK-N-DZ
SK-N-FI,SKNFI_AUTONOMIC_GANGLIA,ACH-000341,SK-N-FI
SK-OV-3,SKOV3_OVARY,ACH-000811,SK-OV-3
SK-UT-1,SKUT1_SOFT_TISSUE,ACH-000939,SK-UT-1
SKM-1,SKM1_HAEMATOPOIETIC_AND_LYMPHOID_TISSUE,ACH-000373,SKM-1
SNB75,SNB75_CENTRAL_NERVOUS_SYSTEM,ACH-000504,SNB75
SNG-M,SNGM_ENDOMETRIUM,ACH-000974,SNG-M
SNU-1,SNU1_STOMACH,ACH-000932,SNU-1
SNU-387,SNU387_LIVER,ACH-000478,SNU-387
SNU-398,SNU398_LIVER,ACH-000221,SNU-398
SNU-407,SNU407_LARGE_INTESTINE,ACH-000955,SNU-407
SNU-423,SNU423_LIVER,ACH-000493,SNU-423
SNU-449,SNU449_LIVER,ACH-000420,SNU-449
SNU-61,SNU61_LARGE_INTESTINE,ACH-000532,SNU-61
SU-DHL-1,SUDHL1_HAEMATOPOIETIC_AND_LYMPHOID_TISSUE,ACH-000664,SU-DHL-16
SU-DHL-4,SUDHL4_HAEMATOPOIETIC_AND_LYMPHOID_TISSUE,ACH-000365,SU-DHL-4
SU.86.86,SU8686_PANCREAS,ACH-000114,SU8686
SUIT-2,SUIT2_PANCREAS,ACH-000652,SUIT-2
SUP-B15,SUPB15_HAEMATOPOIETIC_AND_LYMPHOID_TISSUE,ACH-000059,SUP-B15
SUP-M2,SUPM2_HAEMATOPOIETIC_AND_LYMPHOID_TISSUE,ACH-000226,SUP-M2
SUP-T1,SUPT1_HAEMATOPOIETIC_AND_LYMPHOID_TISSUE,ACH-000953,SUP-T1
SW 1088,SW1088_CENTRAL_NERVOUS_SYSTEM,ACH-000437,SW1088
SW 1271,SW1271_LUNG,ACH-000890,SW1271
SW 1990,SW1990_PANCREAS,ACH-000155,SW1990
SW1463,SW1463_LARGE_INTESTINE,ACH-000470,SW1463
SW48,SW48_LARGE_INTESTINE,ACH-000958,SW48
SW620,SW620_LARGE_INTESTINE,ACH-000651,SW620
SW837,SW837_LARGE_INTESTINE,ACH-000421,SW837
SW948,SW948_LARGE_INTESTINE,ACH-000680,SW948
Saos-2,SAOS2_BONE,ACH-000410,Saos-2
T-47D,T47D_BREAST,ACH-000147,T47D
T24,T24_URINARY_TRACT,ACH-000018,T24
T84,T84_LARGE_INTESTINE,ACH-000381,T84
TCCSUP,TCCSUP_URINARY_TRACT,ACH-000720,TCCSUP
TE-1,TE1_OESOPHAGUS,ACH-000647,TE-1
TE-10,TE10_OESOPHAGUS,ACH-000318,TE-10
TE-11,TE11_OESOPHAGUS,ACH-000488,TE-11
TE-4,TE4_OESOPHAGUS,ACH-000917,TE-4
TE-5,TE5_OESOPHAGUS,ACH-000408,TE-5
TE-6,TE6_OESOPHAGUS,ACH-000605,TE-6
TE-8,TE8_OESOPHAGUS,ACH-000452,TE-8
TE-9,TE9_OESOPHAGUS,ACH-000694,TE-9
THP-1,THP1_HAEMATOPOIETIC_AND_LYMPHOID_TISSUE,ACH-000146,THP-1
TOV-112D,TOV112D_OVARY,ACH-000048,TOV-112D
TT2609-C02,TT2609C02_THYROID,ACH-000716,TT2609-C02
U-118 MG,U118MG_CENTRAL_NERVOUS_SYSTEM,ACH-000040,U-118-MG
U-2 OS,U2OS_BONE,ACH-000364,U-2-OS
U-251 MG,U251MG_CENTRAL_NERVOUS_SYSTEM,ACH-000232,U251
U-87 MG,U87MG_CENTRAL_NERVOUS_SYSTEM,ACH-000075,U-87-MG
UACC-257,UACC257_SKIN,ACH-000579,UACC-257
UACC-812,UACC812_BREAST,ACH-000568,UACC-812
UACC-893,UACC893_BREAST,ACH-000554,UACC-893
UM-UC-3,UMUC3_URINARY_TRACT,ACH-000522,UM-UC-3
VMRC-RCW,VMRCRCW_KIDNEY,ACH-000484,VMRC-RCW
WM-115,WM115_SKIN,ACH-000304,WM-115
WM-793,WM793_SKIN,ACH-000827,WM793B
YAPC,YAPC_PANCREAS,ACH-000332,YAPC
YH-13,YH13_CENTRAL_NERVOUS_SYSTEM,ACH-000469,YH-13
YKG1,YKG1_CENTRAL_NERVOUS_SYSTEM,ACH-000570,YKG-1
huH-1,HUH1_LIVER,ACH-000475,huH-1
