CID,GDSC_DRUG_ID,GDSC_DRUG_NAME,DGIDB_DRUG_NAME,PUTATIVE_TARGET,PATHWAY_NAME
3385,1073,5-Fluorouracil,FLUOROURACIL,Antimetabolite (DNA & RNA),Other
9444,2156,5-azacytidine,AZACITIDINE,DNA methyltransferases,Other
76285486,2157,A-366,A-366,"EHMT1, EHMT2",Chromatin histone methylation
11228183,1910,ABT737,ABT-737,"BCL2, BCL-XL,  BCL-W, BCL-B, BFL1",Apoptosis regulation
56645356,1913,AGI-5198,AGI-5198,IDH1 (R132H),Metabolism
2130404,2039,AGK2,AGK2,"BAZ2A, BAZ2B",Chromatin histone acetylation
68947304,2045,AMG-319,AMG-319,PI3K (beta sparing),PI3K/MTOR signaling
68947304,2045,AMG-319,AMG319,PI3K (beta sparing),PI3K/MTOR signaling
24905401,2170,AT13148,AT-13148,AKT1,PI3K/MTOR signaling
24905401,2170,AT13148,MULTI-AGC KINASE INHIBITOR AT13148,AKT1,PI3K/MTOR signaling
135905416,2109,AZ6102,AZ6102,"TNKS1, TNKS2",WNT signaling
25099184,1250,AZ960,AZ960,"JAK2, JAK3","Other, kinases"
58423153,1449,AZD1208,AZD-1208,"PIM1, PIM2, PIM3","Other, kinases"
58423153,1449,AZD1208,AZD1208,"PIM1, PIM2, PIM3","Other, kinases"
49831044,1463,AZD1332,AZD1332,"NTRK1, NTRK2, NTRK3",RTK signaling
25262792,1441,AZD2014,VISTUSERTIB,"mTORC1, mTORC2",PI3K/MTOR signaling
78209992,1915,AZD3759,AZD-3759,EGFR,EGFR signaling
78209992,1915,AZD3759,ZORIFERTINIB,EGFR,EGFR signaling
51039095,1786,AZD4547,AZD-4547,"FGFR1, FGFR2, FGFR3",RTK signaling
51039095,1786,AZD4547,FEXAGRATINIB,"FGFR1, FGFR2, FGFR3",RTK signaling
25227436,1916,AZD5363,CAPIVASERTIB,"AKT1, AKT2, AKT3, ROCK2","Other, kinases"
16747683,1401,AZD5438,AZD5438,CDK2,Cell cycle
49847690,1617,AZD5582,AZD5582,"XIAP, cIAP",Apoptosis regulation
131634760,1720,AZD5991,AZD5991,MCL1,Apoptosis regulation
44137675,2169,AZD6482,AZD-6482,PI3Kbeta,PI3K/MTOR signaling
44137675,2169,AZD6482,AZD6482,PI3Kbeta,PI3K/MTOR signaling
11152667,1022,AZD7762,AZD-7762,"CHEK1, CHEK2",Cell cycle
11152667,1022,AZD7762,AZD7762,"CHEK1, CHEK2",Cell cycle
25262965,1059,AZD8055,AZD-8055,"MTORC1, MTORC2",PI3K/MTOR signaling
25262965,1059,AZD8055,AZD8055,"MTORC1, MTORC2",PI3K/MTOR signaling
25262965,1059,AZD8055,MTOR KINASE INHIBITOR AZD8055,"MTORC1, MTORC2",PI3K/MTOR signaling
52913813,1918,AZD8186,AZD-8186,"PI3Kalpha, PI3Kbeta",PI3K/MTOR signaling
8269,1803,Acetalax,OXYPHENISATIN ACETATE,,Unclassified
10184653,1032,Afatinib,AFATINIB,"EGFR, ERBB2",EGFR signaling
24771867,1051,Alisertib,ALISERTIB,AURKA,Mitosis
56649450,1560,Alpelisib,ALPELISIB,PI3Kalpha,PI3K/MTOR signaling
46883536,1072,Avagacestat,AVAGACESTAT,"Amyloid beta20, Amyloid beta40",Other
6450551,1021,Axitinib,AXITINIB,"PDGFR, KIT, VEGFR",RTK signaling
2332,1847,BEN,BENZAMIDINE,,Unclassified
11364421,1086,BI-2536,BI 2536,"PLK1, PLK2, PLK3",Cell cycle
11364421,1086,BI-2536,BI-2536,"PLK1, PLK2, PLK3",Cell cycle
9927531,2043,BIBR-1532,2-(CYCLOHEXYLAMINO)BENZOIC ACID,TERT,Genome integrity
9927531,2043,BIBR-1532,2-(OXALYL-AMINO)-BENZOIC ACID,TERT,Genome integrity
9926054,1249,BMS-345541,BMS-345541,"IKK-1, IKK-2",Other
135440466,1091,BMS-536924,BMS-536924,"IGF1R, IR",IGF1R signaling
24785538,2171,BMS-754807,BMS-754807,"IGF1R, IR",IGF1R signaling
24785538,2171,BMS-754807,DUAL IGF-1R/INSR INHIBITOR BMS-754807,"IGF1R, IR",IGF1R signaling
10077147,1037,BX795,BX-795,"TBK1, PDK1 (PDPK1), IKK, AURKB, AURKC","Other, kinases"
2375,1502,Bicalutamide,(R)-BICALUTAMIDE,AR,Hormone-related
2375,1502,Bicalutamide,BICALUTAMIDE,AR,Hormone-related
5360373,1812,Bleomycin,BLEOMYCIN,dsDNA break induction,DNA replication
5360373,1378,Bleomycin (50 uM),BLEOMYCIN,dsDNA break induction,DNA replication
387447,1191,Bortezomib,BORTEZOMIB,Proteasome,Protein stability and degradation
5328940,1019,Bosutinib,BOSUTINIB,"SRC, ABL, TEC","Other, kinases"
16654980,1873,Buparlisib,BUPARLISIB,"PI3Kalpha, PI3Kdelta, PI3Kbeta, PI3Kgamma",PI3K/MTOR signaling
984170,1170,CCT-018159,CCT-018159,HSP90,Protein stability and degradation
9956119,2175,CHIR-99021,LADUVIGLUSIB,"GSK3A, GSK3B",WNT signaling
42623951,1615,CZC24832,CZC 24832,PI3Kgamma,PI3K/MTOR signaling
24360,1003,Camptothecin,CAMPTOTHECIN,TOP1,DNA replication
9933475,1922,Cediranib,CEDIRANIB,"VEGFR, FLT1, FLT2, FLT3, FLT4, KIT, PDGFRB",RTK signaling
5702198,1005,Cisplatin,CISPLATIN,DNA crosslinker,DNA replication
11626560,1083,Crizotinib,CRIZOTINIB,"MET, ALK, ROS1",RTK signaling
2907,1512,Cyclophosphamide,CYCLOPHOSPHAMIDE,Alkylating agent,DNA replication
2907,1512,Cyclophosphamide,CYCLOPHOSPHAMIDE ANHYDROUS,Alkylating agent,DNA replication
6253,1006,Cytarabine,CYTARABINE,Antimetabolite,Other
44462760,1373,Dabrafenib,DABRAFENIB,BRAF,ERK MAPK signaling
135398738,1815,Dacarbazine,DACARBAZINE,CP11A,Other
457193,1811,Dactinomycin,DACTINOMYCIN,RNA polymerase,Other
11977753,1057,Dactolisib,DACTOLISIB,"PI3K (class 1), MTORC1, MTORC2",PI3K/MTOR signaling
6914657,1248,Daporinad,DAPORINAD,NAMPT,Metabolism
3062316,1079,Dasatinib,DASATINIB ANHYDROUS,"ABL, SRC, Ephrins, PDGFR, KIT","Other, kinases"
46926350,1180,Dinaciclib,DINACICLIB,"CDK1, CDK2, CDK5, CDK9",Cell cycle
148124,1007,Docetaxel,DOCETAXEL ANHYDROUS,Microtubule stabiliser,Mitosis
156422,1042,Doramapimod,DORAMAPIMOD,"p38, JNK2",JNK and p38 signaling
56962336,1237,EPZ004777,EPZ004777,DOT1L,Chromatin histone methylation
57345410,1563,EPZ5676,PINOMETOSTAT,DOT1L,Chromatin histone methylation
4261,1593,Entinostat,ENTINOSTAT,"HDAC1, HDAC3",Chromatin histone acetylation
59473233,1630,Entospletinib,"6-(2-FLUOROPHENYL)-N-(PYRIDIN-3-YLMETHYL)IMIDAZO[1,2-A]PYRAZIN-8-AMINE",SYK,"Other, kinases"
59473233,1630,Entospletinib,ENTOSPLETINIB,SYK,"Other, kinases"
41867,1511,Epirubicin,EPIRUBICIN,Anthracycline,DNA replication
176870,1168,Erlotinib,ERLOTINIB,EGFR,EGFR signaling
657237,1813,Fludarabine,FLUDARABINE,Antimetabolite,DNA replication
42642645,2040,Foretinib,FORETINIB,"MET, KDR, TIE2, VEGFR3/FLT4, RON, PDGFR, FGFR1, EGFR",RTK signaling
104741,1200,Fulvestrant,FULVESTRANT,ESR,Hormone-related
56941241,1925,GDC0810,BRILANESTRANT,"ESR1, ESR2",Hormone-related
71522234,1583,GSK-LSD1,GSK-LSD1,KDM1,Chromatin histone methylation
46843056,1778,GSK2110183B,AFURESERTIB,"AKT1, AKT2, AKT3",PI3K/MTOR signaling
46843056,1778,GSK2110183B,AFURESERTIB HYDROCHLORIDE,"AKT1, AKT2, AKT3",PI3K/MTOR signaling
53469448,1618,GSK2606414,GSK2606414,PERK,Metabolism
16095342,1192,GSK269962A,GSK-269962A,"ROCK1, ROCK2",Cytoskeleton
16095342,1192,GSK269962A,GSK269962A,"ROCK1, ROCK2",Cytoskeleton
73010930,1580,GSK2801,GSK2801,,Chromatin other
70983932,2359,GSK2830371,GSK2830371,WIP1,Other
71268957,1627,GSK343,GSK343,EZH2,Chromatin histone methylation
117072552,2110,GSK591,GSK591,PMRT5,Chromatin histone methylation
123631,1010,Gefitinib,GEFITINIB,EGFR,EGFR signaling
60750,1190,Gemcitabine,GEMCITABINE,Pyrimidine antimetabolite,DNA replication
46943432,1624,I-BET-762,MOLIBRESIB,"BRD2, BRD3, BRD4",Chromatin other
91668541,1928,I-BRD9,I-BRD9,BRD9,Chromatin other
54685215,2174,IOX2,"2-(3,4-DIHYDROXYPHENYL)ACETIC ACID",EGLN1,Other
54685215,2174,IOX2,2-(3-NITROPHENYL)ACETIC ACID,EGLN1,Other
54685215,2174,IOX2,2-(4-HYDROXY-3-NITROPHENYL)ACETIC ACID,EGLN1,Other
54685215,2174,IOX2,IOX2,EGLN1,Other
54685215,2174,IOX2,"N-(5,6-DIPHENYLFURO[2,3-D]PYRIMIDIN-4-YL)GLYCINE",EGLN1,Other
2155128,1576,IWP-2,"N-(1-BENZYL-3,3,3-TRIFLUORO-2,2-DIHYDROXY-PROPYL)-ACETAMIDE",PORCN,WNT signaling
2155128,1576,IWP-2,"N-(4-OXO-5,6,7,8-TETRAHYDRO-4H-[1,3]THIAZOLO[5,4-C]AZEPIN-2-YL)ACETAMIDE",PORCN,WNT signaling
2155128,1576,IWP-2,"N-(6,7,9,10,17,18,20,21-OCTAHYDRODIBENZO[B,K][1,4,7,10,13,16]HEXAOXACYCLOOCTADECIN-2-YL)ACETAMIDE",PORCN,WNT signaling
24821094,1799,Ibrutinib,IBRUTINIB,BTK,"Other, kinases"
24788740,1924,Ipatasertib,IPATASERTIB,"AKT1, AKT, AKT3",PI3K/MTOR signaling
11624601,1043,JNK Inhibitor VIII,JNK INHIBITOR VIII,JNK,JNK and p38 signaling
11624601,1043,JNK Inhibitor VIII,N-(3-CYCLOPROPYL-1H-PYRAZOL-5-YL)-2-(2-NAPHTHYL)ACETAMIDE,JNK,JNK and p38 signaling
11624601,1043,JNK Inhibitor VIII,"N-(4-AMINO-5-CYANO-6-ETHOXYPYRIDIN-2-YL)-2-(4-BROMO-2,5-DIMETHOXYPHENYL)ACETAMIDE",JNK,JNK and p38 signaling
46907787,2172,JQ1,(+)-JQ1,"BRD2, BRD3, BRD4, BRDT",Chromatin other
46907787,2172,JQ1,JQ1,"BRD2, BRD3, BRD4, BRDT",Chromatin other
5278396,1030,KU-55933,KU-55933,ATM,Genome integrity
24737642,1557,LCL161,LCL161,"XIAP, IAP1, IAP2",Apoptosis regulation
46926973,1598,LGK974,WNT-974,PORCN,WNT signaling
11655119,1852,LY2109761,LY2109761,TGFB1,Other
208908,1558,Lapatinib,GW282974X,"EGFR, ERBB2",EGFR signaling
208908,1558,Lapatinib,LAPATINIB,"EGFR, ERBB2",EGFR signaling
3899,1578,Leflunomide,LEFLUNOMIDE,Pyrimidine synthesis inhibitor,DNA replication
216326,1020,Lenalidomide,LENALIDOMIDE,CRBN,Protein stability and degradation
126565,1024,Lestaurtinib,LESTAURTINIB,"FLT3, JAK2, NTRK1, NTRK2, NTRK3","Other, kinases"
11640390,1510,Linsitinib,LINSITINIB,IGF1R,IGF1R signaling
135539077,1559,Luminespib,"5-(5-CHLORO-2,4-DIHYDROXYPHENYL)-N-ETHYL-4-[4-(MORPHOLIN-4-YLMETHYL)PHENYL]ISOXAZOLE-3-CARBOXAMIDE",HSP90,Protein stability and degradation
135539077,1559,Luminespib,AUY922,HSP90,Protein stability and degradation
135539077,1559,Luminespib,LUMINESPIB,HSP90,Protein stability and degradation
462382,1862,MG-132,MG-132,"Proteasome, CAPN1",Protein stability and degradation
24856436,1179,MK-1775,ADAVOSERTIB,"WEE1, PLK1",Cell cycle
24964624,1053,MK-2206,MK-2206,"AKT1, AKT2",PI3K/MTOR signaling
46239015,2046,MK-8776,MK-8776,"CHEK1, CHEK2, CDK2",Cell cycle
46239015,2046,MK-8776,SCH-900776,"CHEK1, CHEK2, CDK2",Cell cycle
60167849,1629,ML323,ML323,"USP1, UAF1",Protein stability and degradation
126941,1008,Methotrexate,METHOTREXATE,Antimetabolite,DNA replication
4212,1810,Mitoxantrone,MITOXANTRONE,TOP2,DNA replication
4212,1810,Mitoxantrone,MITOXANTRONE HYDROCHLORIDE,TOP2,DNA replication
11667893,1029,Motesanib,MOTESANIB,"VEGFR, RET, KIT, PDGFR",RTK signaling
11667893,1029,Motesanib,N-(4-PHENOXYPHENYL)-2-[(PYRIDIN-4-YLMETHYL)AMINO]NICOTINAMIDE,"VEGFR, RET, KIT, PDGFR",RTK signaling
446541,2055,Mycophenolic acid,MYCOPHENOLATE SODIUM,,Unclassified
12035,2499,N-acetyl cysteine,ACETYLCYSTEINE,Metabolism,Metabolism
11327430,1038,NU7441,NU-7441,DNAPK,Genome integrity
24978538,1011,Navitoclax,NAVITOCLAX,"BCL2, BCL-XL, BCL-W",Apoptosis regulation
3011155,1814,Nelarabine,NELARABINE,,DNA replication
644241,1013,Nilotinib,NILOTINIB,ABL,ABL signaling
24958200,1177,Niraparib,NIRAPARIB,"PARP1, PARP2",Genome integrity
11433190,1047,Nutlin-3a (-),NUTLIN-3,MDM2,p53 pathway
11433190,1047,Nutlin-3a (-),REBEMADLIN,MDM2,p53 pathway
35397514,1853,OF-1,OF-1,"BRPF1B, BRPF2",Chromatin histone acetylation
135398516,1594,OSI-027,OSI-027,"MTORC1, MTORC2",PI3K/MTOR signaling
9936746,1626,OTX015,BIRABRESIB,"BRD2, BRD3, BRD4",Chromatin other
16681698,1068,Obatoclax Mesylate,OBATOCLAX,"BCL2, BCL-XL, BCL-W, MCL1",Apoptosis regulation
16681698,1068,Obatoclax Mesylate,OBATOCLAX MESYLATE,"BCL2, BCL-XL, BCL-W, MCL1",Apoptosis regulation
23725625,1017,Olaparib,OLAPARIB,"PARP1, PARP2",Genome integrity
71496458,1919,Osimertinib,OSIMERTINIB,EGFR,EGFR signaling
9887053,1089,Oxaliplatin,OXALIPLATIN,DNA alkylating agent,DNA replication
9826528,1060,PD0325901,MIRDAMETINIB,"MEK1, MEK2",ERK MAPK signaling
1401,1049,PD173074,PD173074,"FGFR1, FGFR2, FGFR3",RTK signaling
51371303,1129,PF-4708671,PF-4708671,S6K1,PI3K/MTOR signaling
71271629,2173,PFI-1,PFI-1,BRD4,Chromatin other
78243717,1620,PFI3,PFI-3,"Polybromo 1, SMARCA4, SMARCA2",Chromatin other
24180719,1036,PLX-4720,PLX-4720,BRAF,ERK MAPK signaling
52918385,1131,PRIMA-1MET,EPRENETAPOPT,TP53 activation,p53 pathway
44462758,1631,PRT062607,P505-15,SYK,"Other, kinases"
44462758,1631,PRT062607,PRT-2607,SYK,"Other, kinases"
36314,1080,Paclitaxel,NAB-PACLITAXEL,Microtubule stabiliser,Mitosis
36314,1080,Paclitaxel,PACLITAXEL,Microtubule stabiliser,Mitosis
5330286,1054,Palbociclib,PALBOCICLIB,"CDK4, CDK6",Cell cycle
16720766,1529,Pevonedistat,PEVONEDISTAT,NAE,Other
17755052,1058,Pictilisib,PICTILISIB,PI3K (class 1),PI3K/MTOR signaling
637858,1243,Piperlongumine,(Z)-PIPLARTINE,Induces reactive oxygen species,Other
637858,1243,Piperlongumine,PIPLARTINE,Induces reactive oxygen species,Other
136240579,1052,RO-3306,RO3306,CDK1,Cell cycle
135564749,1625,RVX-208,APABETALONE,BRD4,Chromatin other
5284616,1084,Rapamycin,SIROLIMUS,MTORC1,PI3K/MTOR signaling
44182295,1014,Refametinib,REFAMETINIB,"MEK1, MEK2",ERK MAPK signaling
44631912,1632,Ribociclib,RIBOCICLIB,"CDK4, CDK6",Cell cycle
5352062,1817,Romidepsin,ROMIDEPSIN,"HDAC1, HDAC2, HDAC3, HDAC8",Chromatin histone acetylation
9931954,1175,Rucaparib,RUCAPARIB,"PARP1, PARP2",Genome integrity
25126798,1507,Ruxolitinib,RUXOLITINIB,"JAK1, JAK2","Other, kinases"
176158,1025,SB216763,SB 216763,"GSK3A, GSK3B",WNT signaling
9858940,1194,SB505124,TGF-BETA RI INHIBITOR III,"TGFBR1, ACVR1B, ACVR1C",RTK signaling
135564599,1061,SB590885,SB590885,BRAF,ERK MAPK signaling
24866313,1564,SCH772984,SCH772984,"ERK1, ERK2",ERK MAPK signaling
72201027,1582,SGC-CBP30,SGC-CBP30,"EP300, CBP",Chromatin histone acetylation
56962337,2177,SGC0946,SGC0946,DOT1L,Chromatin histone methylation
104842,1494,SN-38,7-ETHYL-10-HYDROXYCAMPTOTHECIN,TOP1,DNA replication
104842,1494,SN-38,SN-38,TOP1,DNA replication
11488320,1549,Sapitinib,SAPITINIB,"EGFR, ERBB2, ERBB3",EGFR signaling
68289010,1936,Savolitinib,SAVOLITINIB,MET,RTK signaling
10127622,1062,Selumetinib,SELUMETINIB,"MEK1, MEK2",ERK MAPK signaling
11178236,1941,Sepantronium bromide,SEPANTRONIUM BROMIDE,BIRC5,Apoptosis regulation
11609586,1133,Serdemetan,SERDEMETAN,MDM2,p53 pathway
216239,1085,Sorafenib,SORAFENIB,"PDGFR, KIT, VEGFR, RAF","Other, kinases"
44259,1034,Staurosporine,STAUROSPORINE,Broad spectrum kinase inhibitor,RTK signaling
11455910,1149,TW 37,TW-37,"BCL2, BCL-XL, MCL1",Apoptosis regulation
135565082,1259,Talazoparib,TALAZOPARIB,"PARP1, PARP2",Genome integrity
2733526,1199,Tamoxifen,TAMOXIFEN,ESR1,Hormone-related
6505803,1026,Tanespimycin,TANESPIMYCIN,HSP90,Protein stability and degradation
51001932,1561,Taselisib,TASELISIB,PI3K (beta sparing),PI3K/MTOR signaling
5394,1375,Temozolomide,TEMOZOLOMIDE,DNA alkylating agent,DNA replication
6918289,1016,Temsirolimus,TEMSIROLIMUS,MTOR,PI3K/MTOR signaling
452548,1809,Teniposide,TENIPOSIDE,,DNA replication
5494449,1096,Tozasertib,TOZASERTIB,"AURKA, AURKB, AURKC, others",Mitosis
444795,1009,Tretinoin,TRETINOIN,Retinoic acid,Other
992586,1939,UMI-77,UMI-77,MCL1,Apoptosis regulation
46224516,2038,UNC0638,UNC0638,"G9A, GLP",Chromatin histone methylation
11719003,1908,Ulixertinib,ULIXERTINIB,"ERK1, ERK2",ERK MAPK signaling
51042438,1553,Uprosertib,UPROSERTIB,"AKT1, AKT2, AKT3",PI3K/MTOR signaling
59472121,1613,VE-822,BERZOSERTIB,ATR,Genome integrity
51000408,2111,VE821,VE-821,ATR,Genome integrity
11634725,2096,VX-11e,VTX-11E,ERK2,ERK MAPK signaling
11960529,1018,Veliparib,VELIPARIB,"PARP1, PARP2",Genome integrity
49846579,1909,Venetoclax,VENETOCLAX,BCL2,Apoptosis regulation
13342,1004,Vinblastine,VINBLASTINE,Microtubule destabiliser,Mitosis
5311497,2048,Vinorelbine,VINORELBINE,Microtubule destabiliser,Mitosis
24776445,1033,Vismodegib,VISMODEGIB,SMO,Other
5311,1012,Vorinostat,VORINOSTAT,"HDAC inhibitor Class I, IIa, IIb, IV",Chromatin histone acetylation
72200024,1614,WZ4003,WZ4003,"NUAK1, NUAK2","Other, kinases"
57519544,1622,Wnt-C59,WNT-C59,PORCN,WNT signaling
9914412,1050,ZM447439,ZM447439,"AURKA, AURKB",Mitosis
68740,1802,Zoledronate,"(1-HYDROXY-1-PHOSPHONO-2-[1,1';4',1'']TERPHENYL-3-YL-ETHYL)-PHOSPHONIC ACID",,Other
68740,1802,Zoledronate,ZOLEDRONIC ACID ANHYDROUS,,Other
68740,1802,Zoledronate,"[1-HYDROXY-2-(1,1':3',1''-TERPHENYL-3-YLOXY)ETHANE-1,1-DIYL]BIS(PHOSPHONIC ACID)",,Other
864,2498,alpha-lipoic acid,5-(PARA-NITROPHENYL PHOSPHONATE)-PENTANOIC ACID,Metabolism,Metabolism
864,2498,alpha-lipoic acid,"LIPOIC ACID, ALPHA",Metabolism,Metabolism
864,2498,alpha-lipoic acid,THIOCTIC ACID,Metabolism,Metabolism
124886,2439,glutathione,GLUTATHIONE,anti-oxidant proteins,Other
